,,,,,,,,,,,,,,,,,,,,,,,,,,
,,,,,,,,,,,,,,,,,,,,,,,,,,
,,,,,,,,,,,,,,,,,,,,,,,,,,
,,,,,,,,,,,,,,,,,,,,,,,,,,
AUN,LEA_Name,LEA_Type,County,PKA,PKP,PKF,K4A,K4P,K4F,K5A,K5P,K5F,001,002,003,004,005,006,007,008,009,010,011,012,Total,
124150002,21st Century Cyber CS,Cyber CS,Chester,0,0,0,0,0,0,0,0,0,0,0,0,0,0,42,83,165,245,224,255,227,"1,241",
103020407,A W Beattie Career Center,OCCCTC,Allegheny,0,0,0,0,0,0,0,0,0,0,0,0,0,0,0,0,0,0,262,350,308,920,
119350303,Abington Heights SD,SD,Lackawanna,0,0,0,0,0,0,116,110,0,239,246,279,247,259,292,276,276,300,267,260,307,"3,474",
123460302,Abington SD,SD,Montgomery,0,0,0,0,0,0,0,0,581,609,600,611,678,660,739,634,677,711,693,683,668,"8,544",
125230001,Achievement House CS,Cyber CS,Chester,0,0,0,0,0,0,0,0,0,0,0,0,0,0,0,24,59,158,250,230,237,958,
126510015,Ad Prima CS,CS,Philadelphia,0,0,0,0,0,0,0,0,68,68,88,58,55,58,53,71,63,0,0,0,0,582,
112015106,Adams County Technical Institute,OCCCTC,Adams,0,0,0,0,0,0,0,0,0,0,0,0,0,0,0,0,0,0,0,137,117,254,
108110307,Admiral Peary AVTS,OCCCTC,Cambria,0,0,0,0,0,0,0,0,0,0,0,0,0,0,0,0,0,8,242,269,222,741,
126510020,Agora Cyber CS,Cyber CS,Montgomery,0,0,0,0,0,0,0,0,186,197,208,235,245,303,326,410,476,795,588,542,455,"4,966",
101260303,Albert Gallatin Area SD,SD,Fayette,0,0,0,0,0,0,0,0,224,238,210,222,232,211,253,240,252,248,232,252,240,"3,054",
127040503,Aliquippa SD,SD,Beaver,0,0,0,0,0,0,0,0,62,77,53,62,63,80,77,92,101,69,77,67,69,949,
103000000,Allegheny IU 3,IU,Allegheny,0,0,0,0,0,0,0,90,6,20,14,19,12,23,19,16,27,35,39,51,147,518,
103020603,Allegheny Valley SD,SD,Allegheny,14,11,0,0,0,0,0,0,58,54,77,71,61,68,75,67,64,72,66,67,64,889,
106160303,Allegheny-Clarion Valley SD,SD,Clarion,0,0,0,0,0,0,0,0,45,42,47,51,41,51,47,40,55,45,41,54,34,593,
121390302,Allentown City SD,SD,Lehigh,0,0,0,0,0,0,0,0,"1,223","1,269","1,173","1,174","1,235","1,180","1,093","1,138","1,240","1,829","1,357","1,001","1,076","15,988",
126512990,Alliance for Progress CS,CS,Philadelphia,0,0,0,0,0,0,0,0,62,72,70,70,69,70,51,49,47,0,0,0,0,560,
108070502,Altoona Area SD,SD,Blair,0,0,0,0,0,0,0,0,524,576,513,557,553,547,553,560,614,637,589,519,484,"7,226",
127040703,Ambridge Area SD,SD,Beaver,0,0,99,0,0,0,0,0,127,168,157,157,169,162,143,162,163,197,186,179,185,"2,254",
113380303,Annville-Cleona SD,SD,Lebanon,0,0,0,0,0,0,44,29,25,102,100,125,98,125,100,102,107,137,119,115,127,"1,455",
114060503,Antietam SD,SD,Berks,0,0,0,0,0,0,0,0,98,94,86,87,70,89,85,102,100,110,85,82,74,"1,162",
104510394,Antonia Pantoja Community CS,CS,Philadelphia,0,0,0,0,0,0,0,0,73,72,72,98,96,88,59,70,71,0,0,0,0,699,
128030603,Apollo-Ridge SD,SD,Armstrong,0,0,20,0,0,0,0,0,81,87,90,90,81,72,90,93,94,95,101,61,64,"1,119",
108000000,Appalachia IU 8,IU,Blair,0,0,0,0,0,0,0,0,1,3,0,2,3,4,7,10,17,25,25,31,48,176,
128000000,ARIN IU 28,IU,Indiana,0,0,0,0,0,0,0,0,4,2,3,0,2,3,5,3,5,1,7,0,4,39,
128030852,Armstrong SD,SD,Armstrong,0,0,0,0,0,0,0,0,331,344,344,335,372,396,387,432,393,419,440,264,232,"4,689",
121395927,Arts Academy CS,CS,Lehigh,0,0,0,0,0,0,0,0,0,0,0,0,0,22,97,100,93,0,0,0,0,312,
121399898,Arts Academy Elementary CS,CS,Lehigh,0,0,0,0,0,0,0,0,71,69,72,63,78,61,0,0,0,0,0,0,0,414,
181519176,ASPIRA Bilingual Cyber CS,Cyber CS,Philadelphia,0,0,0,0,0,0,0,0,12,25,24,28,30,53,50,46,66,90,116,146,190,876,
117080503,Athens Area SD,SD,Bradford,0,0,0,0,0,0,0,0,149,179,160,150,147,164,165,130,161,168,161,162,173,"2,069",
109530304,Austin Area SD,SD,Potter,0,0,8,0,0,0,0,0,10,9,9,10,16,10,6,15,14,15,18,16,15,171,
101630504,Avella Area SD,SD,Washington,0,0,0,0,0,0,0,0,39,39,43,27,38,33,34,46,33,38,34,40,39,483,
124150003,Avon Grove CS,CS,Chester,0,0,0,0,0,0,0,0,154,185,178,183,155,152,154,141,144,120,110,102,108,"1,886",
124150503,Avon Grove SD,SD,Chester,0,0,0,0,0,0,0,0,288,377,347,371,362,356,372,397,422,457,441,440,442,"5,072",
103020753,Avonworth SD,SD,Allegheny,0,0,0,0,0,0,0,0,161,161,142,161,161,157,133,164,142,141,140,164,120,"1,947",
127046517,Baden Academy CS,CS,Beaver,0,0,0,0,0,0,0,0,87,88,88,87,87,84,65,0,0,0,0,0,0,586,
110141003,Bald Eagle Area SD,SD,Centre,0,0,0,0,0,0,0,0,124,102,115,105,108,126,116,120,114,123,117,130,128,"1,528",
103021102,Baldwin-Whitehall SD,SD,Allegheny,0,0,0,0,0,0,0,0,335,367,355,356,387,320,326,359,335,347,311,366,380,"4,544",
120480803,Bangor Area SD,SD,Northampton,0,0,0,0,0,0,0,0,202,181,195,213,211,219,212,227,228,221,237,218,212,"2,776",
118400001,Bear Creek Community CS,CS,Luzerne,0,0,0,0,0,0,0,0,50,75,74,52,52,52,52,52,52,0,0,0,0,511,
127041203,Beaver Area SD,SD,Beaver,0,0,0,0,0,0,0,0,131,153,149,149,165,138,137,165,142,174,159,141,170,"1,973",
127041307,Beaver County CTC,OCCCTC,Beaver,0,0,0,0,0,0,0,0,0,0,0,0,0,0,0,0,0,0,89,319,289,697,
127000000,Beaver Valley IU 27,IU,Beaver,0,0,0,0,0,0,25,0,10,13,7,13,14,25,14,11,16,19,15,9,40,231,
108051003,Bedford Area SD,SD,Bedford,0,0,0,0,0,0,0,0,121,120,132,130,129,134,144,124,137,120,139,139,140,"1,709",
108051307,Bedford County Technical Center,OCCCTC,Bedford,0,0,0,0,0,0,0,0,0,0,0,0,0,0,0,0,0,0,128,122,92,342,
107650603,Belle Vernon Area SD,SD,Westmoreland,0,0,0,0,0,0,0,0,176,189,195,159,196,187,179,173,161,209,193,198,154,"2,369",
110141103,Bellefonte Area SD,SD,Centre,0,0,0,0,0,0,0,0,199,204,191,190,172,220,172,209,195,202,236,195,214,"2,599",
108071003,Bellwood-Antis SD,SD,Blair,0,0,0,0,0,0,0,0,84,72,76,87,82,84,95,98,95,94,103,98,98,"1,166",
126510010,Belmont CS,CS,Philadelphia,0,0,0,0,0,0,0,0,69,69,66,70,76,74,60,74,61,80,79,71,77,926,
122091002,Bensalem Township SD,SD,Bucks,0,0,0,0,0,0,0,0,379,471,482,448,440,455,487,489,554,509,547,511,578,"6,350",
116191004,Benton Area SD,SD,Columbia,0,0,0,0,0,0,0,0,41,42,40,44,42,47,60,56,48,66,41,53,41,621,
101630903,Bentworth SD,SD,Washington,0,0,0,0,0,0,0,0,74,80,85,67,72,72,76,86,93,83,85,93,85,"1,051",
114000000,Berks County IU 14,IU,Berks,0,0,0,0,0,0,0,0,43,3,0,0,1,0,2,6,11,15,18,13,33,145,
114060557,Berks CTC,OCCCTC,Berks,0,0,0,0,0,0,0,0,0,0,0,0,0,0,0,0,0,37,607,575,632,"1,851",
108561003,Berlin Brothersvalley SD,SD,Somerset,0,0,0,0,0,0,0,0,47,60,60,59,61,58,40,61,67,57,59,49,45,723,
112011103,Bermudian Springs SD,SD,Adams,0,0,0,0,0,0,0,0,126,108,113,125,142,129,143,142,135,156,156,159,123,"1,757",
116191103,Berwick Area SD,SD,Columbia,0,0,0,0,0,0,0,0,219,193,196,211,219,206,192,233,214,182,194,209,197,"2,665",
103021252,Bethel Park SD,SD,Allegheny,0,0,0,0,0,0,148,147,0,308,290,287,289,296,289,264,275,349,311,333,353,"3,939",
120481002,Bethlehem Area SD,SD,Northampton,0,0,120,0,0,0,0,0,860,942,824,866,952,929,"1,021","1,000","1,034","1,168","1,209",988,"1,060","12,973",
120481107,Bethlehem AVTS,OCCCTC,Northampton,0,0,0,0,0,0,0,0,0,0,0,0,0,0,0,0,0,0,552,388,406,"1,346",
101631003,Bethlehem-Center SD,SD,Washington,0,0,0,0,0,0,0,0,79,71,77,74,63,72,77,82,83,79,75,72,83,987,
127041503,Big Beaver Falls Area SD,SD,Beaver,0,0,40,0,0,0,0,0,118,153,112,135,124,110,137,111,145,137,131,111,102,"1,666",
115210503,Big Spring SD,SD,Cumberland,0,0,0,0,0,0,0,0,165,168,176,214,189,168,185,197,215,200,203,167,173,"2,420",
127041603,Blackhawk SD,SD,Beaver,0,0,0,0,0,0,0,0,174,183,167,161,171,174,166,174,193,194,210,173,187,"2,327",
108110603,Blacklick Valley SD,SD,Cambria,11,7,0,0,0,0,0,0,51,39,47,39,37,51,39,33,48,50,54,51,51,608,
117000000,BLaST IU 17,IU,Lycoming,0,0,0,0,0,0,0,0,20,17,17,21,16,19,16,15,28,24,25,31,23,272,
116191203,Bloomsburg Area SD,SD,Columbia,0,0,0,0,0,0,0,0,119,134,126,144,118,110,132,112,110,122,110,87,110,"1,534",
129540803,Blue Mountain SD,SD,Schuylkill,0,0,0,0,0,0,0,0,185,168,169,180,185,184,185,198,194,211,163,226,207,"2,455",
119581003,Blue Ridge SD,SD,Susquehanna,0,0,0,26,24,0,0,0,74,80,64,88,66,75,67,78,75,74,72,77,67,"1,007",
168513758,Bluford CS,CS,Philadelphia,0,0,0,0,0,0,0,0,49,64,77,75,70,71,71,23,31,0,0,0,0,531,
114060753,Boyertown Area SD,SD,Berks,0,0,48,0,0,0,244,185,2,479,446,468,488,501,535,522,554,595,531,545,510,"6,653",
185515523,Boys Latin of Philadelphia CS,CS,Philadelphia,0,0,0,0,0,0,0,0,0,0,0,0,0,0,111,112,96,156,115,91,95,776,
109420803,Bradford Area SD,SD,McKean,0,0,72,0,0,0,0,0,155,172,168,188,164,177,191,195,183,224,188,193,159,"2,429",
114060853,Brandywine Heights Area SD,SD,Berks,0,0,0,0,0,0,0,0,81,91,80,85,101,91,105,104,103,91,117,108,126,"1,283",
103021453,Brentwood Borough SD,SD,Allegheny,0,0,0,0,0,0,0,0,98,86,87,80,96,77,91,83,97,75,93,90,105,"1,158",
122091303,Bristol Borough SD,SD,Bucks,0,0,0,0,0,0,0,0,81,99,79,97,93,84,97,97,101,92,87,77,86,"1,170",
122091352,Bristol Township SD,SD,Bucks,0,0,0,0,0,0,0,0,503,501,460,499,483,485,467,468,527,534,417,404,339,"6,087",
106330703,Brockway Area SD,SD,Jefferson,0,0,0,0,0,0,0,0,68,65,62,71,52,80,70,81,73,72,64,68,64,890,
106330803,Brookville Area SD,SD,Jefferson,0,0,0,0,0,0,0,0,116,105,116,85,116,115,109,113,99,102,82,94,112,"1,364",
101260803,Brownsville Area SD,SD,Fayette,0,0,0,0,0,0,0,0,123,126,99,128,106,118,103,122,127,137,126,84,87,"1,486",
122000000,Bucks County IU 22,IU,Bucks,0,0,0,0,0,0,0,0,23,33,37,38,41,49,43,46,43,45,42,41,151,632,
122093460,Bucks County Montessori CS,CS,Bucks,0,0,0,0,0,0,0,0,25,26,29,24,29,33,16,0,0,0,0,0,0,182,
122091457,Bucks County Technical High School,COMCTC,Bucks,0,0,0,0,0,0,0,0,0,0,0,0,0,0,0,0,0,398,357,332,352,"1,439",
101631203,Burgettstown Area SD,SD,Washington,0,0,0,0,0,0,0,0,72,87,68,79,75,78,85,73,65,84,74,87,63,990,
107650703,Burrell SD,SD,Westmoreland,0,0,0,0,0,0,0,0,106,137,124,131,130,122,143,134,139,156,157,131,140,"1,750",
104101252,Butler Area SD,SD,Butler,0,0,0,0,0,0,0,0,472,422,409,455,451,435,408,458,498,519,594,465,472,"6,058",
104101307,Butler County AVTS,OCCCTC,Butler,0,0,0,0,0,0,0,0,0,0,0,0,0,0,0,0,0,0,315,416,323,"1,054",
101636920,California Academy of Learning CS,CS,Washington,0,0,0,0,0,0,0,0,4,2,4,0,5,4,4,0,0,0,0,0,0,23,
101631503,California Area SD,SD,Washington,0,0,0,0,0,0,0,0,64,73,74,71,63,79,70,68,72,74,69,70,75,922,
108111203,Cambria Heights SD,SD,Cambria,0,0,0,0,0,0,0,0,76,95,85,110,87,83,99,98,110,112,118,101,109,"1,283",
109122703,Cameron County SD,SD,Cameron,0,0,0,0,0,0,0,0,38,42,50,46,34,60,44,33,42,40,34,38,30,531,
115211003,Camp Hill SD,SD,Cumberland,0,0,0,0,0,0,32,31,0,82,83,80,85,91,117,91,91,114,106,99,101,"1,203",
101631703,Canon-McMillan SD,SD,Washington,0,0,0,0,0,0,186,159,39,429,410,379,429,405,424,378,415,467,412,410,407,"5,349",
117081003,Canton Area SD,SD,Bradford,0,0,0,0,0,0,0,0,50,67,52,75,67,65,66,55,75,58,71,63,86,850,
115000000,Capital Area IU 15,IU,Cumberland,0,0,0,0,0,0,61,0,9,15,19,20,14,13,16,17,22,19,27,24,48,324,
115227010,Capital Area School for the Arts CS,CS,Dauphin,0,0,0,0,0,0,0,0,0,0,0,0,0,0,0,0,0,33,48,50,55,186,
121131507,Carbon Career & Technical Institute,COMCTC,Carbon,0,0,0,0,0,0,0,0,0,0,0,0,0,0,0,0,0,66,116,123,90,395,
119351303,Carbondale Area SD,SD,Lackawanna,0,0,35,0,0,0,0,0,121,108,121,88,74,108,119,118,145,148,135,117,119,"1,556",
121000000,Carbon-Lehigh IU 21,IU,Lehigh,0,0,0,0,0,0,41,0,24,30,28,21,27,20,33,24,33,32,32,28,96,469,
120483007,Career Institute of Technology,OCCCTC,Northampton,0,0,0,0,0,0,0,0,0,0,0,0,0,0,0,0,0,1,245,247,170,663,
115211103,Carlisle Area SD,SD,Cumberland,0,0,0,0,0,0,0,0,366,407,402,376,402,367,393,370,374,445,406,390,362,"5,060",
103021603,Carlynton SD,SD,Allegheny,0,0,0,0,0,0,0,0,107,83,88,97,86,103,85,105,107,115,103,89,82,"1,250",
101301303,Carmichaels Area SD,SD,Greene,0,0,27,0,0,0,0,0,80,75,64,59,70,71,77,83,68,78,75,62,72,961,
102024758,Catalyst Academy CS,CS,Allegheny,0,0,0,0,0,0,0,0,71,73,68,36,0,0,0,0,0,0,0,0,0,248,
121391303,Catasauqua Area SD,SD,Lehigh,0,0,0,0,0,0,0,0,113,111,86,122,108,112,129,113,94,117,117,114,125,"1,461",
122092002,Centennial SD,SD,Bucks,0,0,0,0,0,0,0,0,371,388,345,424,354,419,406,404,411,416,433,494,454,"5,319",
122090001,Center for Student Learning CS at Pennsb,CS,Bucks,0,0,0,0,0,0,0,0,0,0,0,0,0,0,10,16,21,26,36,28,26,163,
122092102,Central Bucks SD,SD,Bucks,0,0,0,0,0,0,421,285,140,"1,216","1,231","1,251","1,328","1,381","1,379","1,379","1,423","1,478","1,531","1,509","1,588","17,540",
108111303,Central Cambria SD,SD,Cambria,0,0,0,0,0,0,0,0,110,106,107,109,112,116,127,132,122,128,149,133,150,"1,601",
116191503,Central Columbia SD,SD,Columbia,0,0,0,0,0,0,0,0,158,147,129,126,141,126,150,169,167,134,155,163,149,"1,914",
115221402,Central Dauphin SD,SD,Dauphin,0,0,0,0,0,0,457,399,1,989,961,"1,052","1,003","1,012","1,020",964,"1,002","1,066",870,811,872,"12,479",
111291304,Central Fulton SD,SD,Fulton,0,0,0,0,0,47,0,0,64,53,55,66,77,67,59,78,75,81,69,70,72,933,
101301403,Central Greene SD,SD,Greene,0,0,0,0,0,0,0,0,120,122,108,108,107,97,109,110,119,141,117,120,132,"1,510",
110000000,Central IU 10,IU,Clearfield,0,0,0,0,0,0,13,10,0,0,2,3,2,0,0,0,2,3,4,0,3,42,
123460957,Central Montco Technical High School,OCCCTC,Montgomery,0,0,0,0,0,0,0,0,0,0,0,0,0,0,0,0,0,2,263,307,270,842,
108070001,Central PA Digital Learning Foundation C,Cyber CS,Blair,0,0,0,0,0,0,0,0,6,6,4,10,7,10,11,12,12,18,22,16,14,148,
110141607,Central PA Institute of Science & Techno,OCCCTC,Centre,0,0,0,0,0,0,0,0,0,0,0,0,0,0,0,0,0,52,161,159,128,500,
116000000,Central Susquehanna IU 16,IU,Union,0,0,209,0,0,0,0,0,25,5,6,10,8,6,10,13,30,32,27,25,61,467,
127042003,Central Valley SD,SD,Beaver,0,0,0,0,0,0,71,64,0,179,143,167,160,167,179,183,181,178,179,171,181,"2,203",
107651207,Central Westmoreland CTC,OCCCTC,Westmoreland,0,0,0,0,0,0,0,0,0,0,0,0,0,0,0,0,0,29,435,398,327,"1,189",
112671303,Central York SD,SD,York,0,0,0,0,0,0,0,0,381,399,424,398,457,393,441,428,457,503,484,432,413,"5,610",
110143060,Centre Learning Community CS,CS,Centre,0,0,0,0,0,0,0,0,0,0,0,0,0,8,26,22,19,0,0,0,0,75,
112281302,Chambersburg Area SD,SD,Franklin,0,0,0,0,0,0,0,0,677,723,631,690,665,723,691,723,693,733,780,793,781,"9,303",
101631803,Charleroi SD,SD,Washington,0,0,0,0,0,0,0,0,121,114,82,87,89,93,112,112,106,130,114,120,113,"1,393",
103021752,Chartiers Valley SD,SD,Allegheny,0,0,0,0,0,0,0,0,305,302,272,276,266,256,238,268,219,261,255,239,270,"3,427",
101631903,Chartiers-Houston SD,SD,Washington,0,0,0,0,0,0,0,0,91,122,85,87,100,95,90,100,86,86,80,84,75,"1,181",
123461302,Cheltenham SD,SD,Montgomery,0,0,0,0,0,0,0,0,301,288,301,303,283,314,312,351,330,424,352,350,331,"4,240",
125236827,Chester Charter Scholars Academy CS,CS,Delaware,0,0,0,0,0,0,0,0,51,54,54,54,54,54,54,54,54,55,55,56,51,700,
124152880,Chester Co Family Academy CS,CS,Chester,0,0,0,0,0,0,0,0,19,23,18,0,0,0,0,0,0,0,0,0,0,60,
125232950,Chester Community CS,CS,Delaware,0,0,0,0,0,0,0,0,377,506,430,490,507,524,537,452,459,0,0,0,0,"4,282",
124000000,Chester County IU 24,IU,Chester,0,0,0,0,0,0,0,0,7,13,13,18,31,41,45,63,60,75,111,91,241,809,
124151607,Chester County Technical College HS,OCCCTC,Chester,0,0,0,0,0,0,0,0,0,0,0,0,0,0,0,0,0,45,656,797,985,"2,483",
125231232,Chester-Upland SD,SD,Delaware,0,0,118,0,0,0,0,0,175,199,158,199,216,211,158,166,175,394,394,301,325,"3,189",
108051503,Chestnut Ridge SD,SD,Bedford,0,0,36,0,0,0,0,0,93,104,91,83,67,94,78,101,80,100,102,113,95,"1,237",
125231303,Chichester SD,SD,Delaware,0,0,0,0,0,0,0,0,214,224,214,239,208,217,235,241,259,285,269,253,191,"3,049",
126513160,Christopher Columbus CS,CS,Philadelphia,0,0,0,0,0,0,0,0,87,106,88,98,98,94,102,91,98,0,0,0,0,862,
121394017,Circle of Seasons CS,CS,Lehigh,0,0,0,0,0,0,0,0,46,46,45,49,52,51,40,45,34,0,0,0,0,408,
102020001,City CHS,CS,Allegheny,0,0,0,0,0,0,0,0,0,0,0,0,0,0,0,0,0,176,167,101,112,556,
103021903,Clairton City SD,SD,Allegheny,0,0,0,0,0,0,0,0,63,71,65,58,67,71,56,66,69,70,57,63,47,823,
106161203,Clarion Area SD,SD,Clarion,0,0,0,0,0,0,0,0,64,59,68,61,49,57,74,57,62,71,60,63,40,785,
106161357,Clarion County Career Center,OCCCTC,Clarion,0,0,0,0,0,0,0,0,0,0,0,0,0,0,0,0,0,3,113,130,93,339,
106161703,Clarion-Limestone Area SD,SD,Clarion,0,0,0,0,0,0,0,0,56,73,60,58,61,58,61,73,62,49,68,56,48,783,
108071504,Claysburg-Kimmel SD,SD,Blair,0,0,0,0,0,0,0,0,60,42,59,46,59,56,47,72,58,74,67,51,71,762,
110171003,Clearfield Area SD,SD,Clearfield,0,0,0,0,0,0,0,0,143,152,159,146,154,144,161,157,174,173,184,173,157,"2,077",
110171607,Clearfield County CTC,OCCCTC,Clearfield,0,0,0,0,0,0,0,0,0,0,0,0,0,0,0,0,0,5,27,239,166,437,
124151902,Coatesville Area SD,SD,Chester,0,0,0,0,0,0,0,0,396,432,381,375,361,356,390,369,418,486,512,486,441,"5,403",
113361303,Cocalico SD,SD,Lancaster,0,0,0,0,0,0,91,86,0,203,238,219,213,190,208,222,256,263,250,249,249,"2,937",
124153320,Collegium CS,CS,Chester,0,0,0,0,0,0,0,0,232,197,217,243,246,239,244,218,216,189,154,134,118,"2,647",
120000000,Colonial IU 20,IU,Northampton,0,0,30,0,0,0,0,0,109,135,98,77,92,126,107,94,112,114,111,119,190,"1,514",
123461602,Colonial SD,SD,Montgomery,0,0,0,0,0,0,0,0,452,510,431,422,409,405,432,391,389,423,420,356,377,"5,417",
113361503,Columbia Borough SD,SD,Lancaster,0,0,0,0,0,0,0,0,93,89,101,94,99,106,87,114,87,91,106,90,92,"1,249",
116191757,Columbia-Montour AVTS,COMCTC,Columbia,0,0,0,0,0,0,0,0,0,0,0,0,0,0,0,0,0,158,155,152,144,609,
104431304,Commodore Perry SD,SD,Mercer,0,0,0,0,0,0,0,0,26,24,30,41,37,24,34,36,35,35,27,29,21,399,
115220002,Commonwealth Charter Academy CS,Cyber CS,Dauphin,0,0,0,0,0,0,0,0,663,852,854,"1,029","1,127","1,255","1,473","1,715","1,996","3,191","2,366","1,866","1,971","20,358",
126512840,Community Academy of Philadelphia CS,CS,Philadelphia,0,0,0,0,0,0,0,0,70,58,90,60,62,97,93,63,64,147,157,141,129,"1,231",
108561803,Conemaugh Township Area SD,SD,Somerset,0,0,0,0,0,0,0,0,65,78,58,63,57,69,64,72,60,78,81,69,70,884,
108111403,Conemaugh Valley SD,SD,Cambria,0,0,0,0,0,0,0,0,47,63,47,64,53,70,48,60,53,53,58,51,44,711,
113361703,Conestoga Valley SD,SD,Lancaster,0,0,0,0,0,0,0,0,261,302,269,308,282,301,294,320,352,313,319,336,316,"3,973",
112011603,Conewago Valley SD,SD,Adams,0,0,0,0,0,0,0,0,273,280,272,270,299,290,278,302,309,324,317,321,302,"3,837",
105201033,Conneaut SD,SD,Crawford,0,0,0,0,0,0,0,0,118,134,131,131,105,141,136,134,146,157,155,129,147,"1,764",
101266007,Connellsville Area Career & Technical Ce,COMCTC,Fayette,0,0,0,0,0,0,0,0,0,0,0,0,0,0,0,0,0,3,100,121,119,343,
101261302,Connellsville Area SD,SD,Fayette,0,0,0,0,0,0,0,0,298,316,308,300,276,285,310,324,314,373,339,223,201,"3,867",
114061103,Conrad Weiser Area SD,SD,Berks,0,0,0,0,0,0,0,0,159,182,181,195,194,152,185,200,192,244,240,219,178,"2,521",
103022103,Cornell SD,SD,Allegheny,0,0,0,0,0,0,0,0,36,47,36,43,37,48,36,40,46,35,49,36,37,526,
113381303,Cornwall-Lebanon SD,SD,Lebanon,0,0,0,0,0,0,121,103,72,341,319,367,376,391,441,420,460,423,422,404,401,"5,061",
105251453,Corry Area SD,SD,Erie,0,0,59,0,0,0,0,0,137,145,118,130,118,146,139,142,122,152,184,151,126,"1,869",
109531304,Coudersport Area SD,SD,Potter,0,0,0,0,0,0,0,0,58,40,57,44,49,44,72,55,42,53,54,61,62,691,
122092353,Council Rock SD,SD,Bucks,0,0,0,0,0,0,248,205,15,740,700,743,774,835,875,897,875,899,914,857,900,"10,477",
106611303,Cranberry Area SD,SD,Venango,0,0,0,0,0,0,0,0,80,91,75,81,92,82,105,100,109,97,79,84,90,"1,165",
105201352,Crawford Central SD,SD,Crawford,0,0,0,0,0,0,0,0,234,270,211,235,270,216,212,234,248,285,284,244,216,"3,159",
105201407,Crawford County CTC,OCCCTC,Crawford,0,0,0,0,0,0,0,0,0,0,0,0,0,0,0,0,0,0,138,158,163,459,
118401403,Crestwood SD,SD,Luzerne,0,0,0,0,0,0,0,0,209,172,170,214,220,213,214,220,251,224,256,219,263,"2,845",
112673300,Crispus Attucks CS,CS,York,0,0,0,0,0,0,0,0,0,0,0,0,0,0,0,0,0,0,0,0,76,76,
119354207,CTC of Lackawanna County,OCCCTC,Lackawanna,0,0,0,0,0,0,0,0,0,0,0,0,0,0,0,0,0,0,381,271,214,866,
115211657,Cumberland Perry Area Career & Technical,OCCCTC,Cumberland,0,0,0,0,0,0,0,0,0,0,0,0,0,0,0,0,0,42,437,439,347,"1,265",
115211603,Cumberland Valley SD,SD,Cumberland,0,0,0,0,0,0,270,176,196,786,797,768,785,795,843,766,799,789,774,731,753,"10,028",
110171803,Curwensville Area SD,SD,Clearfield,0,0,0,0,0,0,0,0,75,72,80,92,85,75,57,55,82,76,83,73,84,989,
118401603,Dallas SD,SD,Luzerne,0,0,0,0,0,0,0,0,169,181,190,164,177,204,199,212,197,176,186,202,210,"2,467",
112671603,Dallastown Area SD,SD,York,0,0,0,0,0,0,0,0,435,455,444,486,511,466,525,506,524,532,518,482,524,"6,408",
114061503,Daniel Boone Area SD,SD,Berks,0,0,0,0,0,0,0,0,209,211,219,197,214,236,240,236,245,268,243,269,277,"3,064",
116471803,Danville Area SD,SD,Montour,0,0,0,0,0,0,0,0,175,178,158,167,171,165,180,168,161,161,168,153,158,"2,163",
116471111,Danville Ctr Adolescent Female,SJCI,Montour,0,0,0,0,0,0,0,0,0,0,0,0,0,0,0,2,0,9,9,4,3,27,
115221607,Dauphin County Technical School,COMCTC,Dauphin,0,0,0,0,0,0,0,0,0,0,0,0,0,0,0,0,0,321,295,272,237,"1,125",
126516724,Deep Roots CS,CS,Philadelphia,0,0,0,0,0,0,0,0,45,53,38,52,47,49,0,0,0,0,0,0,0,284,
103022253,Deer Lakes SD,SD,Allegheny,0,0,0,0,0,0,0,0,131,119,111,111,132,136,126,152,147,161,131,156,141,"1,754",
125000000,Delaware County IU 25,IU,Delaware,0,0,0,0,0,0,0,0,25,17,15,20,21,24,23,21,19,15,43,47,94,384,
125232407,Delaware County Technical High School,OCCCTC,Delaware,0,0,0,0,0,0,0,0,0,0,0,0,0,0,0,0,0,2,117,494,623,"1,236",
120522003,Delaware Valley SD,SD,Pike,27,26,0,0,0,0,0,0,299,306,304,282,311,338,317,338,348,370,363,356,340,"4,325",
107651603,Derry Area SD,SD,Westmoreland,0,0,0,0,0,0,0,0,109,131,119,113,144,143,151,135,163,143,168,137,141,"1,797",
115221753,Derry Township SD,SD,Dauphin,0,0,0,0,0,0,0,0,189,227,217,232,227,240,239,238,256,283,271,279,268,"3,166",
126510011,Discovery CS,CS,Philadelphia,0,0,0,0,0,0,0,0,51,65,72,66,68,76,79,69,76,0,0,0,0,622,
113362203,Donegal SD,SD,Lancaster,0,0,0,0,0,0,110,84,0,202,176,196,224,203,225,224,239,259,247,227,204,"2,820",
112671803,Dover Area SD,SD,York,0,0,0,0,0,0,0,0,245,261,234,220,259,245,244,303,268,289,251,249,237,"3,305",
124152003,Downingtown Area SD,SD,Chester,0,0,0,0,0,0,367,266,142,889,935,937,"1,002",998,"1,047","1,060","1,136","1,083","1,078","1,167","1,103","13,210",
107653040,Dr Robert Ketterer CS Inc,CS,Westmoreland,0,0,0,0,0,0,0,0,0,0,0,0,0,0,0,5,21,30,32,36,22,146,
106172003,DuBois Area SD,SD,Clearfield,0,0,0,0,0,0,0,0,248,260,243,274,262,260,262,266,275,237,222,224,264,"3,297",
119352203,Dunmore SD,SD,Lackawanna,0,0,0,0,0,0,0,0,109,114,109,108,99,125,125,103,110,132,124,96,106,"1,460",
103022503,Duquesne City SD,SD,Allegheny,0,0,0,0,0,0,0,0,44,50,49,57,44,46,48,58,43,0,0,0,0,439,
103022803,East Allegheny SD,SD,Allegheny,0,0,0,0,0,0,0,0,107,113,112,98,83,96,98,111,89,135,122,125,100,"1,389",
117412003,East Lycoming SD,SD,Lycoming,0,0,40,0,0,0,0,0,110,114,117,107,132,119,127,124,114,135,126,128,128,"1,621",
121392303,East Penn SD,SD,Lehigh,0,0,0,0,0,0,0,0,481,498,539,543,552,619,585,652,657,693,733,685,761,"7,998",
115212503,East Pennsboro Area SD,SD,Cumberland,0,0,0,0,0,0,0,0,188,190,157,193,219,202,193,188,189,200,209,188,181,"2,497",
120452003,East Stroudsburg Area SD,SD,Monroe,0,0,0,0,0,0,0,0,397,476,398,432,446,454,520,504,538,567,577,566,572,"6,447",
123463507,Eastern Center for Arts & Technology,OCCCTC,Montgomery,0,0,0,0,0,0,0,0,0,0,0,0,0,0,0,0,0,0,1,303,308,612,
113362303,Eastern Lancaster County SD,SD,Lancaster,0,0,0,0,0,0,0,0,194,196,220,180,200,241,196,217,220,254,245,224,213,"2,800",
113382303,Eastern Lebanon County SD,SD,Lebanon,0,0,0,0,0,0,75,47,46,167,156,171,188,171,213,201,201,198,204,176,185,"2,399",
107652207,Eastern Westmoreland CTC,OCCCTC,Westmoreland,0,0,0,0,0,0,0,0,0,0,0,0,0,0,0,0,0,61,177,159,139,536,
112672203,Eastern York SD,SD,York,0,0,0,0,0,0,0,0,173,194,175,179,192,184,163,207,165,196,180,140,133,"2,281",
120483302,Easton Area SD,SD,Northampton,0,0,0,0,0,0,0,0,497,558,509,551,547,611,625,630,624,786,751,685,624,"7,998",
120486892,Easton Arts Academy Elementary CS,CS,Northampton,0,0,0,0,0,0,0,0,41,45,44,49,48,57,0,0,0,0,0,0,0,284,
103023153,Elizabeth Forward SD,SD,Allegheny,0,0,0,0,0,0,0,0,179,169,165,168,182,165,173,196,182,186,197,177,191,"2,330",
113362403,Elizabethtown Area SD,SD,Lancaster,0,0,0,0,0,0,118,111,2,216,252,270,270,278,277,286,313,348,306,313,283,"3,643",
119582503,Elk Lake SD,SD,Susquehanna,0,0,0,0,0,0,0,0,78,84,70,89,84,82,69,94,92,106,85,89,89,"1,111",
104372003,Ellwood City Area SD,SD,Lawrence,0,0,0,0,0,0,0,0,133,111,120,114,118,136,127,119,137,132,106,88,90,"1,531",
199025446,Environmental CS at Frick Park,CS,Allegheny,0,0,0,0,0,0,0,0,78,104,102,102,103,103,100,101,101,45,46,38,0,"1,023",
113362603,Ephrata Area SD,SD,Lancaster,0,0,0,0,0,0,146,150,10,281,298,271,285,273,295,294,329,350,347,320,307,"3,956",
105252602,Erie City SD,SD,Erie,0,0,205,0,0,0,0,0,796,821,735,771,770,756,677,725,749,"1,229",828,548,495,"10,105",
105252807,Erie County Technical School,OCCCTC,Erie,0,0,0,0,0,0,0,0,0,0,0,0,0,0,0,0,0,1,352,223,217,793,
105257512,Erie Rise Leadership Academy CS,CS,Erie,0,0,0,0,0,0,0,0,22,36,30,25,34,38,37,43,27,0,0,0,0,292,
126513440,Esperanza Academy CS,CS,Philadelphia,0,0,0,0,0,0,0,0,47,48,0,0,24,24,229,234,229,214,203,198,180,"1,630",
126511563,Esperanza Cyber CS,Cyber CS,Philadelphia,0,0,0,0,0,0,0,0,19,21,34,40,42,44,77,75,110,184,153,102,89,990,
126513100,Eugenio Maria De Hostos CS,CS,Philadelphia,0,0,0,0,0,0,0,0,50,49,88,81,47,50,51,49,42,0,0,0,0,507,
108053003,Everett Area SD,SD,Bedford,0,0,0,0,0,0,0,0,80,79,78,95,92,88,97,100,96,116,82,89,73,"1,165",
120450003,Evergreen Community CS,CS,Monroe,0,0,0,0,0,0,0,0,0,0,0,0,0,0,12,15,14,15,15,15,16,102,
121398065,Executive Education Academy CS,CS,Lehigh,0,0,0,0,0,0,0,0,101,104,102,108,108,106,108,108,106,109,109,102,97,"1,368",
114062003,Exeter Township SD,SD,Berks,0,0,0,0,0,0,0,0,248,297,304,271,255,314,295,328,320,336,306,326,323,"3,923",
112013054,Fairfield Area SD,SD,Adams,0,0,0,0,0,0,0,0,63,94,84,63,61,73,64,78,82,75,74,71,79,961,
105253303,Fairview SD,SD,Erie,0,0,0,0,0,0,0,0,130,141,135,152,159,136,149,138,148,155,143,145,145,"1,876",
112282004,Fannett-Metal SD,SD,Franklin,0,0,0,0,0,0,0,0,34,29,32,24,33,22,14,40,28,34,44,28,22,384,
104432503,Farrell Area SD,SD,Mercer,0,0,18,0,0,2,0,0,50,58,53,48,45,57,48,48,52,44,42,42,37,644,
101262507,Fayette County Career & Technical Instit,OCCCTC,Fayette,0,0,0,0,0,0,0,0,0,0,0,0,0,0,0,0,0,0,267,251,173,691,
119350001,Fell CS,CS,Lackawanna,0,0,0,0,0,0,0,0,20,13,11,7,12,10,14,7,7,0,0,0,0,101,
108112003,Ferndale Area SD,SD,Cambria,0,0,27,0,0,3,0,0,37,31,51,33,39,49,40,58,49,52,54,37,41,601,
100510000,First Philadelphia Preparatory CS,CS,Philadelphia,0,0,0,0,0,0,0,0,140,151,154,157,170,166,162,172,165,123,105,92,87,"1,844",
114062503,Fleetwood Area SD,SD,Berks,0,0,0,0,0,0,0,0,155,155,154,143,166,174,160,165,186,204,206,173,218,"2,259",
126510021,Folk Arts-Cultural Treasures CS,CS,Philadelphia,0,0,0,0,0,0,0,0,48,56,56,56,56,55,54,55,51,0,0,0,0,487,
103023807,Forbes Road CTC,OCCCTC,Allegheny,0,0,0,0,0,0,0,0,0,0,0,0,0,0,0,0,0,3,372,311,198,884,
111292304,Forbes Road SD,SD,Fulton,0,0,0,0,0,27,0,0,27,26,25,30,22,34,22,31,21,23,20,23,23,354,
106272003,Forest Area SD,SD,Forest,0,0,18,0,0,0,0,0,26,19,24,20,25,28,24,27,33,32,42,34,29,381,
119583003,Forest City Regional SD,SD,Susquehanna,0,0,35,0,0,21,0,0,54,53,49,60,47,52,63,60,66,43,52,52,54,761,
108112203,Forest Hills SD,SD,Cambria,33,35,0,0,0,0,0,0,129,141,123,118,124,122,132,136,122,138,147,127,120,"1,747",
101632403,Fort Cherry SD,SD,Washington,0,0,0,0,0,0,0,0,65,65,56,69,65,80,63,74,64,67,98,90,65,921,
105253553,Fort LeBoeuf SD,SD,Erie,0,0,0,0,0,0,0,0,132,138,133,140,149,158,159,167,149,188,158,176,141,"1,988",
103023912,Fox Chapel Area SD,SD,Allegheny,0,0,0,0,0,0,0,0,299,323,344,310,323,303,314,335,319,329,343,289,329,"4,160",
106612203,Franklin Area SD,SD,Venango,0,0,0,0,0,0,0,0,128,148,132,120,146,147,144,135,156,139,149,131,131,"1,806",
112282307,Franklin County CTC,OCCCTC,Franklin,0,0,0,0,0,0,0,0,0,0,0,0,0,0,0,0,0,0,174,146,187,507,
107652603,Franklin Regional SD,SD,Westmoreland,0,0,0,0,0,0,7,0,188,270,237,256,269,232,251,270,268,292,262,272,298,"3,372",
147513703,Franklin Towne Charter Elementary School,CS,Philadelphia,0,0,0,0,0,0,0,0,103,110,107,106,105,108,107,106,106,0,0,0,0,958,
126513450,Franklin Towne CHS,CS,Philadelphia,0,0,0,0,0,0,0,0,0,0,0,0,0,0,0,0,0,352,336,324,270,"1,282",
101262903,Frazier SD,SD,Fayette,17,12,0,0,0,0,0,0,66,84,69,79,65,84,80,74,89,86,68,69,63,"1,005",
126518547,Frederick Douglass Mastery CS,CS,Philadelphia,0,0,0,0,0,0,0,0,54,56,64,69,64,76,71,63,67,0,0,0,0,584,
127042853,Freedom Area SD,SD,Beaver,0,0,0,0,0,0,0,0,81,96,98,92,73,82,106,90,94,109,104,76,116,"1,217",
128033053,Freeport Area SD,SD,Armstrong,0,0,0,0,0,0,0,0,112,137,130,146,141,146,141,143,148,153,153,128,130,"1,808",
126513270,Freire CS,CS,Philadelphia,0,0,0,0,0,0,0,0,0,0,0,0,0,76,130,132,112,141,137,110,100,938,
111292507,Fulton County Center for Career and Tech,OCCCTC,Fulton,0,0,0,0,0,0,0,0,0,0,0,0,0,0,0,0,0,3,57,51,29,140,
109532804,Galeton Area SD,SD,Potter,0,0,0,0,0,20,0,0,18,14,29,21,26,24,24,29,25,22,26,23,26,327,
125234103,Garnet Valley SD,SD,Delaware,0,0,0,0,0,0,0,0,270,315,308,333,332,341,363,360,348,385,388,374,405,"4,522",
103024102,Gateway SD,SD,Allegheny,0,0,0,0,0,0,0,0,224,271,260,236,254,207,246,294,241,291,334,252,272,"3,382",
105253903,General McLane SD,SD,Erie,0,0,0,0,0,0,0,0,132,167,146,158,153,137,170,165,180,188,173,160,177,"2,106",
112013753,Gettysburg Area SD,SD,Adams,0,0,0,0,0,0,0,0,148,186,179,205,193,181,191,258,242,278,288,266,242,"2,857",
197010542,Gettysburg Montessori CS,CS,Adams,0,0,0,0,0,0,0,0,46,45,35,35,51,30,31,0,0,0,0,0,0,273,
129544907,Gillingham Charter School,CS,Schuylkill,0,0,0,0,0,0,0,0,20,14,20,17,22,21,22,22,22,15,20,20,12,247,
105254053,Girard SD,SD,Erie,0,0,0,0,0,0,0,0,109,125,111,112,116,115,111,112,123,145,118,132,116,"1,545",
110173003,Glendale SD,SD,Clearfield,0,0,0,0,0,0,0,0,49,42,36,34,53,54,56,50,56,67,55,56,59,667,
126513380,Global Leadership Academy CS,CS,Philadelphia,0,0,0,0,0,0,0,0,52,59,70,68,80,71,88,76,79,0,0,0,0,643,
126518004,Global Leadership Academy CS Southwest a,CS,Philadelphia,0,0,0,0,0,0,0,0,52,43,42,69,72,69,69,60,58,0,0,0,0,534,
114063003,Governor Mifflin SD,SD,Berks,0,0,0,0,0,0,0,0,269,274,293,291,312,281,289,292,338,335,396,340,411,"4,121",
124153503,Great Valley SD,SD,Chester,0,0,0,0,0,0,0,0,356,377,383,373,357,384,340,365,361,361,398,316,334,"4,705",
108070607,Greater Altoona CTC,OCCCTC,Blair,0,0,0,0,0,0,0,0,0,0,0,0,0,0,0,0,0,111,404,321,246,"1,082",
108112607,Greater Johnstown CTC,OCCCTC,Cambria,0,0,0,0,0,0,0,0,0,0,0,0,0,0,0,0,0,0,193,193,150,536,
108112502,Greater Johnstown SD,SD,Cambria,0,0,113,0,0,0,0,0,232,267,207,243,225,237,247,202,213,218,199,173,194,"2,970",
107653102,Greater Latrobe SD,SD,Westmoreland,0,0,0,0,0,0,0,0,242,243,228,246,270,258,238,268,288,298,323,270,298,"3,470",
118402603,Greater Nanticoke Area SD,SD,Luzerne,0,0,0,0,0,0,0,0,176,187,150,174,172,165,187,167,197,202,193,164,167,"2,301",
126510005,Green Woods CS,CS,Philadelphia,0,0,0,0,0,0,0,0,92,88,84,80,80,77,68,61,58,0,0,0,0,688,
112283003,Greencastle-Antrim SD,SD,Franklin,0,0,0,0,0,0,0,0,170,203,202,228,228,224,235,202,257,268,268,262,249,"2,996",
101302607,Greene County CTC,OCCCTC,Greene,0,0,0,0,0,0,0,0,0,0,0,0,0,0,0,0,0,1,122,115,100,338,
107653203,Greensburg Salem SD,SD,Westmoreland,0,0,0,0,0,0,0,0,182,216,156,203,184,194,212,196,196,207,214,222,193,"2,575",
104432803,Greenville Area SD,SD,Mercer,0,0,0,0,0,0,0,0,90,86,73,117,74,85,100,109,96,122,103,109,114,"1,278",
115503004,Greenwood SD,SD,Perry,0,0,0,0,0,0,0,0,51,53,66,47,64,50,59,70,61,56,58,65,54,754,
104432903,Grove City Area SD,SD,Mercer,0,0,0,0,0,0,0,0,144,138,119,129,125,135,145,126,155,183,178,166,164,"1,907",
115222504,Halifax Area SD,SD,Dauphin,0,0,20,0,0,0,0,0,65,69,76,64,67,73,68,73,67,71,65,65,43,886,
114063503,Hamburg Area SD,SD,Berks,0,0,0,0,0,0,0,0,169,149,127,148,149,167,161,166,155,195,176,182,175,"2,119",
103024603,Hampton Township SD,SD,Allegheny,0,0,0,0,0,0,87,53,0,190,191,203,194,187,218,211,209,244,191,253,214,"2,645",
118403003,Hanover Area SD,SD,Luzerne,0,0,73,0,0,0,0,0,140,173,130,161,165,145,170,180,161,166,161,130,149,"2,104",
112672803,Hanover Public SD,SD,York,0,0,0,0,0,0,0,0,123,153,162,165,152,141,169,159,160,160,172,138,125,"1,979",
126512850,Harambee Institute of Science and Techno,CS,Philadelphia,0,0,0,0,0,0,0,0,63,77,64,63,54,83,77,50,62,0,0,0,0,593,
105254353,Harbor Creek SD,SD,Erie,0,0,0,0,0,0,0,0,155,152,144,144,156,147,174,175,213,151,149,169,145,"2,074",
110173504,Harmony Area SD,SD,Clearfield,0,0,0,0,0,0,0,0,17,27,23,22,14,24,9,18,24,16,12,16,28,250,
115222752,Harrisburg City SD,SD,Dauphin,0,0,17,0,0,0,0,0,417,513,456,522,567,588,527,527,548,616,452,326,332,"6,408",
123463603,Hatboro-Horsham SD,SD,Montgomery,0,0,0,0,0,0,0,0,313,294,272,323,323,319,329,351,342,358,340,321,375,"4,260",
125234502,Haverford Township SD,SD,Delaware,0,0,0,0,0,0,231,158,22,489,532,525,505,535,542,523,564,493,497,489,533,"6,638",
118403207,Hazleton Area Career Center,OCCCTC,Luzerne,0,0,0,0,0,0,0,0,0,0,0,0,0,0,0,0,0,15,299,173,165,652,
118403302,Hazleton Area SD,SD,Luzerne,0,0,0,0,0,0,0,0,970,982,889,930,903,928,902,963,954,"1,159",975,794,894,"12,243",
107653802,Hempfield Area SD,SD,Westmoreland,0,0,44,0,0,0,0,0,337,387,361,382,405,408,396,380,427,438,421,382,427,"5,195",
113363103,Hempfield SD,SD,Lancaster,0,0,0,0,0,0,202,177,63,531,520,566,552,515,542,585,534,622,570,537,550,"7,066",
104433303,Hermitage SD,SD,Mercer,0,0,0,0,0,0,0,0,156,165,138,150,132,175,136,164,163,159,161,163,169,"2,031",
103024753,Highlands SD,SD,Allegheny,29,28,17,0,0,0,0,0,136,161,149,161,143,161,145,180,182,209,193,175,149,"2,218",
108073503,Hollidaysburg Area SD,SD,Blair,0,0,0,0,0,0,0,0,189,208,222,217,233,203,247,277,258,279,266,287,257,"3,143",
128323303,Homer-Center SD,SD,Indiana,0,0,0,0,0,0,0,0,41,55,55,62,51,55,70,69,47,80,76,59,66,786,
108057079,HOPE for Hyndman CS,CS,Bedford,0,0,0,0,0,0,0,0,13,18,8,11,9,13,16,8,7,14,19,9,12,157,
127044103,Hopewell Area SD,SD,Beaver,0,0,0,0,0,0,0,0,155,148,159,176,190,162,138,163,168,163,138,164,139,"2,063",
119355028,Howard Gardner Multiple Intelligence CS,CS,Lackawanna,0,0,0,0,0,0,0,0,32,36,36,36,36,36,36,36,34,0,0,0,0,318,
111312503,Huntingdon Area SD,SD,Huntingdon,0,0,30,0,0,0,0,0,110,114,112,133,133,119,128,123,136,142,138,133,133,"1,684",
111312607,Huntingdon County CTC,OCCCTC,Huntingdon,0,0,0,0,0,0,0,0,0,0,0,0,0,0,0,0,0,0,142,118,104,364,
126512980,Imhotep Institute CHS,CS,Philadelphia,0,0,0,0,0,0,0,0,0,0,0,0,0,0,0,0,0,147,158,149,143,597,
126513510,Independence CS,CS,Philadelphia,0,0,0,0,0,0,0,0,94,97,94,92,89,82,80,80,74,0,0,0,0,782,
126512039,Independence CS West,CS,Philadelphia,0,0,0,0,0,0,0,0,110,103,103,105,104,105,92,80,41,0,0,0,0,843,
128323703,Indiana Area SD,SD,Indiana,0,0,40,0,0,0,0,0,197,195,200,187,217,217,212,240,232,219,240,224,238,"2,858",
128324207,Indiana County Technology Center,OCCCTC,Indiana,0,0,0,0,0,0,0,0,0,0,0,0,0,0,0,0,0,0,188,160,157,505,
115220001,Infinity CS,CS,Dauphin,0,0,0,0,0,0,0,0,27,26,27,28,29,31,29,29,30,0,0,0,0,256,
121395526,Innovative Arts Academy CS,CS,Lehigh,0,0,0,0,0,0,0,0,0,0,0,0,0,0,59,83,80,98,99,72,40,531,
126513070,Inquiry CS,CS,Philadelphia,0,0,0,0,0,22,0,0,41,38,46,41,43,37,0,0,0,0,0,0,0,268,
124152637,Insight PA Cyber CS,Cyber CS,Chester,0,0,0,0,0,0,0,0,153,231,252,219,223,184,277,270,323,457,434,313,303,"3,639",
125235103,Interboro SD,SD,Delaware,0,0,0,0,0,0,0,0,239,221,233,261,245,279,271,271,255,258,247,271,255,"3,306",
101000000,Intermediate Unit 1,IU,Washington,0,0,0,0,0,0,23,30,8,15,14,19,16,12,9,12,12,24,21,23,22,260,
105256553,Iroquois SD,SD,Erie,0,0,0,0,0,0,0,0,71,61,76,84,68,84,94,85,99,99,87,76,93,"1,077",
104433604,Jamestown Area SD,SD,Mercer,0,0,0,0,0,0,0,0,22,25,34,27,19,27,22,37,43,32,17,30,45,380,
107654103,Jeannette City SD,SD,Westmoreland,0,0,0,0,0,0,0,0,72,72,53,60,83,70,69,72,71,95,74,59,63,913,
106333407,Jefferson County-DuBois AVTS,COMCTC,Jefferson,0,0,0,0,0,0,0,0,0,0,0,0,0,0,0,0,0,163,176,109,87,535,
101303503,Jefferson-Morgan SD,SD,Greene,0,0,20,0,0,0,0,0,64,47,60,56,44,64,65,82,56,64,64,54,52,792,
123463803,Jenkintown SD,SD,Montgomery,0,0,0,0,0,0,0,0,42,60,66,47,64,57,69,57,48,44,48,46,62,710,
117414003,Jersey Shore Area SD,SD,Lycoming,0,0,0,0,0,0,0,0,149,163,161,181,148,166,147,177,146,199,215,149,148,"2,149",
121135003,Jim Thorpe Area SD,SD,Carbon,0,6,0,0,0,0,0,0,132,125,123,158,144,135,155,126,154,196,165,112,123,"1,854",
109243503,Johnsonburg Area SD,SD,Elk,0,0,15,0,0,0,0,0,36,44,48,28,40,41,38,42,26,50,47,41,48,544,
111343603,Juniata County SD,SD,Juniata,0,0,0,0,0,0,0,0,176,165,167,160,168,175,160,175,169,213,187,198,215,"2,328",
111312804,Juniata Valley SD,SD,Huntingdon,0,0,0,0,0,0,0,0,48,54,54,50,61,55,47,47,57,60,52,53,70,708,
109422303,Kane Area SD,SD,McKean,0,0,0,0,0,0,0,0,65,68,76,78,79,67,84,73,66,73,90,80,85,984,
104103603,Karns City Area SD,SD,Butler,0,0,0,0,0,0,0,0,96,95,83,96,88,97,98,104,100,132,111,114,97,"1,311",
124154003,Kennett Consolidated SD,SD,Chester,0,0,0,0,0,0,0,0,283,262,296,273,290,299,307,291,304,339,297,333,332,"3,906",
182514568,Keystone Academy CS,CS,Philadelphia,0,0,0,0,0,0,0,0,76,80,66,76,79,73,74,76,71,0,0,0,0,671,
110183707,Keystone Central CTC,OCCCTC,Clinton,0,0,0,0,0,0,0,0,0,0,0,0,0,0,0,0,0,195,130,134,90,549,
110183602,Keystone Central SD,SD,Clinton,0,0,0,0,0,0,0,0,235,230,245,233,269,252,258,270,264,311,311,338,281,"3,497",
104432830,Keystone Education Center CS,CS,Mercer,0,0,0,0,0,0,0,0,0,0,0,0,0,0,0,9,30,35,43,36,46,199,
103025002,Keystone Oaks SD,SD,Allegheny,0,0,0,0,0,0,0,0,168,141,154,141,171,131,124,126,136,139,141,167,135,"1,874",
106166503,Keystone SD,SD,Clarion,0,0,0,0,0,0,0,0,55,66,55,47,61,55,62,73,68,82,66,84,78,852,
126514864,KIPP DuBois CS,CS,Philadelphia,0,0,0,0,0,0,0,0,0,0,0,0,0,0,0,0,0,127,130,112,131,500,
126514059,KIPP North Philadelphia CS,CS,Philadelphia,0,0,0,0,0,0,0,0,95,97,98,98,104,96,0,0,0,0,0,0,0,588,
126510013,KIPP Philadelphia CS,CS,Philadelphia,0,0,0,0,0,0,0,0,92,98,100,101,97,84,87,91,90,0,0,0,0,840,
126515362,KIPP Philadelphia Octavius Catto CS,CS,Philadelphia,0,0,0,0,0,0,0,0,125,74,0,0,0,0,0,0,0,0,0,0,0,199,
126515492,KIPP West Philadelphia CS,CS,Philadelphia,0,0,0,0,0,0,0,0,78,89,98,92,101,85,88,88,91,0,0,0,0,810,
107654403,Kiski Area SD,SD,Westmoreland,0,0,0,0,0,0,0,0,253,235,210,241,272,252,242,276,268,298,274,259,304,"3,384",
104107803,Knoch SD,SD,Butler,0,0,0,0,0,0,60,54,0,125,150,127,170,139,155,173,171,180,163,203,157,"2,027",
114064003,Kutztown Area SD,SD,Berks,0,0,0,0,0,0,0,0,106,94,98,110,117,95,114,84,100,109,117,108,103,"1,355",
113362940,La Academia Partnership CS,CS,Lancaster,0,0,0,0,0,0,0,0,0,0,0,0,0,0,24,23,34,33,26,34,26,200,
126513110,Laboratory CS,CS,Philadelphia,0,0,0,0,0,0,0,0,44,57,65,53,52,55,62,50,55,0,0,0,0,493,
119665003,Lackawanna Trail SD,SD,Wyoming,0,0,0,0,0,0,0,0,84,71,81,70,67,85,66,67,67,76,78,73,72,957,
119354603,Lakeland SD,SD,Lackawanna,0,0,0,0,0,0,0,0,105,115,99,110,89,100,101,104,106,110,106,118,114,"1,377",
118403903,Lake-Lehman SD,SD,Luzerne,0,0,0,0,0,0,0,0,111,110,123,102,140,125,123,122,134,125,119,114,133,"1,581",
104433903,Lakeview SD,SD,Mercer,0,0,0,0,0,0,0,0,61,59,59,71,62,66,59,59,72,69,71,69,70,847,
113363603,Lampeter-Strasburg SD,SD,Lancaster,0,0,0,0,0,0,98,104,0,192,191,204,220,232,218,196,226,245,238,222,250,"2,836",
113363807,Lancaster County CTC,OCCCTC,Lancaster,0,0,0,0,0,0,0,0,0,0,0,0,0,0,0,0,0,0,29,566,799,"1,394",
113364002,Lancaster SD,SD,Lancaster,0,0,319,0,0,0,0,0,711,828,783,778,766,736,765,712,743,948,759,678,549,"10,075",
113000000,Lancaster-Lebanon IU 13,IU,Lancaster,0,0,125,0,0,0,8,8,68,38,38,38,40,43,39,36,40,57,54,46,152,830,
101264003,Laurel Highlands SD,SD,Fayette,0,0,0,0,0,0,0,0,199,232,196,206,230,202,226,201,217,209,226,211,208,"2,763",
104374003,Laurel SD,SD,Lawrence,0,0,0,0,0,0,0,0,58,64,84,70,68,78,74,86,75,94,73,67,94,985,
104374207,Lawrence County CTC,COMCTC,Lawrence,0,0,0,0,0,0,0,0,0,0,0,0,0,0,0,0,0,0,131,140,107,378,
113384307,Lebanon County CTC,OCCCTC,Lebanon,0,0,0,0,0,0,0,0,0,0,0,0,0,0,0,0,0,0,6,318,316,640,
113384603,Lebanon SD,SD,Lebanon,0,0,0,0,0,277,0,0,314,373,365,369,394,407,326,358,345,412,435,341,237,"4,953",
128034503,Leechburg Area SD,SD,Armstrong,0,0,19,0,0,0,0,0,42,50,32,57,54,47,47,58,50,63,55,56,51,681,
121393007,Lehigh Career & Technical Institute,OCCCTC,Lehigh,0,0,0,0,0,0,0,0,0,0,0,0,0,0,0,0,0,470,570,544,702,"2,286",
120480002,Lehigh Valley Academy Regional CS,CS,Northampton,0,0,0,0,0,0,0,0,146,150,147,145,148,147,146,148,144,138,134,114,94,"1,801",
120483170,Lehigh Valley Charter High School for th,CS,Northampton,0,0,0,0,0,0,0,0,0,0,0,0,0,0,0,0,0,136,135,144,148,563,
139481451,Lehigh Valley Dual Language CS,CS,Northampton,0,0,0,0,0,0,0,0,52,52,53,52,49,54,54,49,41,0,0,0,0,456,
121135503,Lehighton Area SD,SD,Carbon,20,19,0,0,0,0,0,0,172,177,149,156,153,152,167,185,161,192,165,131,195,"2,194",
128034607,Lenape Tech,COMCTC,Armstrong,0,0,0,0,0,0,0,0,0,0,0,0,0,0,0,0,0,0,166,243,172,581,
116604003,Lewisburg Area SD,SD,Union,0,0,18,0,0,0,0,0,131,129,149,127,146,151,147,136,132,162,154,137,160,"1,879",
103029865,Life Male STEAM Academy CS,CS,Allegheny,0,0,0,0,0,0,0,0,0,0,0,0,0,0,30,31,32,0,0,0,0,93,
107654903,Ligonier Valley SD,SD,Westmoreland,0,0,0,0,0,73,0,0,93,90,91,94,77,107,95,92,125,113,125,110,97,"1,382",
112673500,Lincoln CS,CS,York,0,0,0,0,0,0,0,0,93,94,81,76,81,91,74,64,0,0,0,0,0,654,
112000000,Lincoln IU 12,IU,Adams,0,0,0,0,0,0,0,42,71,83,67,69,74,72,63,72,76,84,91,92,211,"1,167",
175390169,Lincoln Leadership Academy CS,CS,Lehigh,0,0,0,0,0,0,0,0,69,67,76,79,76,74,70,68,78,64,61,62,56,900,
127040002,Lincoln Park Performing Arts CS,CS,Beaver,0,0,0,0,0,0,0,0,0,0,0,0,0,0,0,72,85,109,134,165,134,699,
126519476,Lindley Academy CS at Birney,CS,Philadelphia,0,0,0,0,0,0,0,0,82,79,69,76,91,78,81,78,76,0,0,0,0,710,
116493503,Line Mountain SD,SD,Northumberland,0,0,0,0,0,0,0,0,59,82,64,74,89,68,91,73,76,102,76,85,68,"1,007",
112015203,Littlestown Area SD,SD,Adams,0,0,0,0,0,0,0,0,113,128,134,154,144,121,154,121,142,125,144,144,154,"1,778",
115224003,Lower Dauphin SD,SD,Dauphin,0,0,0,0,0,0,0,0,222,243,281,260,237,246,302,294,294,278,242,295,283,"3,477",
123464502,Lower Merion SD,SD,Montgomery,0,0,0,0,0,0,197,133,26,574,646,642,673,662,648,663,684,693,732,768,784,"8,525",
123464603,Lower Moreland Township SD,SD,Montgomery,0,0,0,0,0,0,0,0,155,168,193,212,214,214,180,212,212,197,229,207,227,"2,620",
117414203,Loyalsock Township SD,SD,Lycoming,12,8,0,0,0,0,0,0,124,121,141,106,132,121,125,112,111,128,110,118,101,"1,570",
115509998,Loysville Youth Dev Ctr,SJCI,Perry,0,0,0,0,0,0,0,0,0,0,0,0,0,0,0,0,0,2,5,6,19,32,
118000000,Luzerne IU 18,IU,Luzerne,0,0,0,0,0,0,0,0,5,19,10,14,19,15,19,21,33,70,78,74,127,504,
117414807,Lycoming CTC,OCCCTC,Lycoming,0,0,0,0,0,0,0,0,0,0,0,0,0,0,0,0,0,0,130,104,82,316,
129544503,Mahanoy Area SD,SD,Schuylkill,0,0,0,0,0,0,0,0,79,90,66,65,79,87,107,81,86,95,87,74,67,"1,063",
102023030,Manchester Academic CS,CS,Allegheny,0,0,0,0,0,0,0,0,48,48,46,43,46,45,40,41,36,0,0,0,0,393,
113364403,Manheim Central SD,SD,Lancaster,18,0,0,0,0,0,0,0,177,182,211,205,196,196,217,226,210,251,250,220,222,"2,781",
113364503,Manheim Township SD,SD,Lancaster,0,0,0,0,0,0,0,0,401,429,435,459,454,449,457,452,504,496,527,447,446,"5,956",
126513480,Mariana Bracetti Academy CS,CS,Philadelphia,0,0,0,0,0,0,0,0,134,143,138,146,150,100,143,87,87,97,119,103,110,"1,557",
128325203,Marion Center Area SD,SD,Indiana,0,0,36,0,0,0,0,0,73,86,77,103,85,76,97,85,114,96,93,84,93,"1,198",
126510014,Maritime Academy CS,CS,Philadelphia,0,0,0,0,0,0,0,0,23,38,52,55,66,79,82,85,82,66,66,59,72,825,
125235502,Marple Newtown SD,SD,Delaware,0,0,0,0,0,0,116,104,8,318,322,318,285,300,287,298,278,324,312,306,283,"3,859",
104105003,Mars Area SD,SD,Butler,0,0,0,0,0,0,124,94,0,314,287,313,308,274,267,238,252,270,274,259,259,"3,533",
126513150,MAST Community CS,CS,Philadelphia,0,0,0,0,0,0,0,0,100,109,110,112,115,116,114,115,117,122,123,114,110,"1,477",
126513117,MaST Community CS II,CS,Philadelphia,0,0,0,0,0,0,0,0,202,204,205,202,206,110,110,108,109,107,90,50,77,"1,780",
126511624,MaST Community CS III,CS,Philadelphia,0,0,0,0,0,0,0,0,102,103,106,154,155,151,155,144,152,0,0,0,0,"1,222",
126510002,Mastery CHS-Lenfest Campus,CS,Philadelphia,0,0,0,0,0,0,0,0,0,0,0,0,0,0,0,111,111,106,103,86,93,610,
126518118,Mastery CS John Wister Elementary,CS,Philadelphia,0,0,0,0,0,0,0,0,81,91,83,96,86,77,0,0,0,0,0,0,0,514,
126519644,Mastery CS-Cleveland Elementary,CS,Philadelphia,0,0,0,0,0,0,0,0,71,69,58,87,81,84,88,91,77,0,0,0,0,706,
126511748,Mastery CS-Clymer Elementary,CS,Philadelphia,0,0,0,0,0,0,0,0,64,63,64,55,70,79,54,0,0,0,0,0,0,449,
126518795,Mastery CS-Francis D. Pastorius Elementa,CS,Philadelphia,0,0,0,0,0,0,0,0,72,74,72,63,76,75,74,80,74,0,0,0,0,660,
126513734,Mastery CS-Gratz Campus,CS,Philadelphia,0,0,0,0,0,0,0,0,0,0,0,0,0,0,0,120,150,202,244,229,216,"1,161",
126513290,Mastery CS-Hardy Williams,CS,Philadelphia,0,0,0,0,0,0,0,0,73,76,81,82,82,89,83,113,107,116,112,104,97,"1,215",
126516457,Mastery CS-Harrity Campus,CS,Philadelphia,0,0,0,0,0,0,0,0,94,96,86,80,105,82,85,90,95,0,0,0,0,813,
126519433,Mastery CS-Mann Campus,CS,Philadelphia,0,0,0,0,0,0,0,0,63,70,71,73,84,79,92,0,0,0,0,0,0,532,
151514721,Mastery CS-Pickett Campus,CS,Philadelphia,0,0,0,0,0,0,0,0,0,0,0,0,0,0,131,146,156,138,135,117,117,940,
126510022,Mastery CS-Shoemaker Campus,CS,Philadelphia,0,0,0,0,0,0,0,0,0,0,0,0,0,0,0,126,127,129,135,127,139,783,
126517286,Mastery CS-Smedley Campus,CS,Philadelphia,0,0,0,0,0,0,0,0,98,107,112,113,111,112,100,0,0,0,0,0,0,753,
126510023,Mastery CS-Thomas Campus,CS,Philadelphia,0,0,0,0,0,0,0,0,78,87,86,87,87,81,87,110,116,112,121,106,100,"1,258",
126517643,Mastery Prep Elementary CS,CS,Philadelphia,0,0,0,0,0,0,0,0,87,86,80,83,87,73,53,0,0,0,0,0,0,549,
126513230,Math Civics and Sciences CS,CS,Philadelphia,0,0,0,0,0,0,0,0,0,50,76,71,85,86,80,69,89,85,68,78,76,913,
101633903,McGuffey SD,SD,Washington,0,0,0,0,0,0,0,0,120,119,118,112,116,116,116,112,116,128,137,104,125,"1,539",
103026002,McKeesport Area SD,SD,Allegheny,0,0,0,0,0,0,0,0,219,242,206,237,225,200,247,195,253,356,278,222,189,"3,069",
103026037,McKeesport Area Tech Ctr,OCCCTC,Allegheny,0,0,0,0,0,0,0,0,0,0,0,0,0,0,0,0,0,5,96,76,55,232,
115216503,Mechanicsburg Area SD,SD,Cumberland,21,0,34,0,0,0,0,0,349,331,315,357,345,366,370,359,322,390,349,313,334,"4,555",
126519392,Memphis Street Academy CS @ JP Jones,CS,Philadelphia,0,0,0,0,0,0,0,0,0,0,0,0,0,63,148,167,160,0,0,0,0,538,
104435003,Mercer Area SD,SD,Mercer,0,0,0,0,0,0,0,0,88,98,75,83,91,77,71,64,80,82,87,81,86,"1,063",
104435107,Mercer County Career Center,OCCCTC,Mercer,0,0,0,0,0,0,0,0,0,0,0,0,0,0,0,0,0,0,79,239,159,477,
123465303,Methacton SD,SD,Montgomery,0,0,0,0,0,0,0,0,331,333,339,345,328,356,310,346,381,377,384,382,372,"4,584",
108565203,Meyersdale Area SD,SD,Somerset,0,0,0,0,0,0,0,0,60,55,57,52,44,53,57,58,73,58,67,77,70,781,
119355503,Mid Valley SD,SD,Lackawanna,0,0,0,0,0,0,0,0,130,152,149,158,161,140,164,138,143,154,148,122,119,"1,878",
122097007,Middle Bucks Institute of Technology,OCCCTC,Bucks,0,0,0,0,0,0,0,0,0,0,0,0,0,0,0,0,0,0,318,329,292,939,
115226003,Middletown Area SD,SD,Dauphin,0,0,0,0,0,0,0,0,164,170,176,184,181,184,188,184,183,207,184,199,158,"2,362",
116555003,Midd-West SD,SD,Snyder,0,0,0,0,0,0,0,0,155,162,138,143,155,155,155,153,159,163,150,157,139,"1,984",
127045303,Midland Borough SD,SD,Beaver,0,0,0,0,0,7,0,0,29,24,24,27,15,13,26,26,20,0,0,0,0,211,
127041735,Midland Innovation & Technology CS,CS,Beaver,0,0,0,0,0,0,0,0,0,0,0,0,0,0,0,0,0,41,43,14,12,110,
104000000,Midwestern IU 4,IU,Mercer,0,0,0,0,0,0,1,0,1,2,0,1,0,2,1,0,1,2,4,0,4,19,
111444307,Mifflin County Academy of Science and Te,OCCCTC,Mifflin,0,0,0,0,0,0,0,0,0,0,0,0,0,0,0,0,0,0,159,131,98,388,
111444602,Mifflin County SD,SD,Mifflin,0,0,0,0,0,0,0,0,329,317,346,375,350,371,347,342,385,383,394,342,355,"4,636",
116605003,Mifflinburg Area SD,SD,Union,0,0,0,0,0,0,0,0,127,136,125,122,149,122,149,140,113,149,137,120,87,"1,676",
105257602,Millcreek Township SD,SD,Erie,120,0,0,0,0,0,0,0,439,461,417,444,425,444,475,461,522,582,538,558,525,"6,411",
115226103,Millersburg Area SD,SD,Dauphin,0,0,0,0,0,0,0,0,54,57,53,55,52,44,60,51,48,69,60,51,51,705,
116195004,Millville Area SD,SD,Columbia,0,0,0,0,0,0,0,0,39,49,40,46,39,34,44,57,57,32,32,31,42,542,
116495003,Milton Area SD,SD,Northumberland,0,0,0,0,0,0,0,0,139,140,123,157,152,141,155,135,142,154,146,169,167,"1,920",
129544703,Minersville Area SD,SD,Schuylkill,0,0,0,12,10,0,0,0,69,95,73,74,81,71,72,84,89,105,90,83,76,"1,084",
104375003,Mohawk Area SD,SD,Lawrence,0,0,0,0,0,0,0,0,110,112,113,119,104,112,117,121,110,122,99,126,97,"1,462",
101634207,Mon Valley CTC,OCCCTC,Washington,0,0,0,0,0,0,0,0,0,0,0,0,0,0,0,0,0,0,223,190,128,541,
107655803,Monessen City SD,SD,Westmoreland,0,0,58,0,0,0,0,0,44,54,40,39,38,53,37,56,44,62,42,42,47,656,
104105353,Moniteau SD,SD,Butler,0,0,0,0,0,0,0,0,69,80,86,89,79,91,102,99,97,97,77,95,86,"1,147",
120454507,Monroe Career & Tech Inst,OCCCTC,Monroe,0,0,0,0,0,0,0,0,0,0,0,0,0,0,0,0,0,143,334,296,306,"1,079",
105250004,Montessori Regional CS,CS,Erie,0,0,0,0,0,0,0,0,82,86,79,80,76,78,52,50,0,0,0,0,0,583,
117415004,Montgomery Area SD,SD,Lycoming,0,0,12,0,0,48,0,0,53,72,70,70,59,84,58,74,70,83,66,65,61,945,
123000000,Montgomery County IU 23,IU,Montgomery,0,0,0,0,0,0,2,1,116,7,9,10,15,10,13,6,13,26,22,25,36,311,
103026303,Montour SD,SD,Allegheny,0,0,0,0,0,0,0,0,240,248,234,242,229,234,234,231,240,257,236,207,243,"3,075",
117415103,Montoursville Area SD,SD,Lycoming,0,0,0,0,0,0,0,0,125,115,117,127,151,124,114,133,137,151,155,138,153,"1,740",
119584503,Montrose Area SD,SD,Susquehanna,0,0,0,0,0,0,0,0,89,88,76,101,89,87,116,92,113,82,90,89,100,"1,212",
103026343,Moon Area SD,SD,Allegheny,0,0,0,0,0,0,0,0,308,323,317,346,291,302,322,293,292,332,296,336,277,"4,035",
122097203,Morrisville Borough SD,SD,Bucks,0,0,0,0,0,0,0,0,76,86,51,74,74,61,59,71,62,65,40,62,51,832,
110175003,Moshannon Valley SD,SD,Clearfield,0,0,0,0,0,0,0,0,57,59,53,59,60,69,57,60,56,69,73,64,71,807,
116495103,Mount Carmel Area SD,SD,Northumberland,0,0,20,0,0,0,0,0,108,120,89,115,95,120,124,133,131,123,128,119,126,"1,551",
107655903,Mount Pleasant Area SD,SD,Westmoreland,0,0,0,0,0,0,0,0,139,152,141,127,129,150,128,156,158,152,144,168,140,"1,884",
111316003,Mount Union Area SD,SD,Huntingdon,0,0,0,0,0,0,0,0,100,101,94,95,81,89,82,100,79,86,94,82,92,"1,175",
119584603,Mountain View SD,SD,Susquehanna,0,0,20,0,0,0,0,0,80,64,65,69,53,78,84,77,68,70,75,67,72,942,
103026402,Mt Lebanon SD,SD,Allegheny,0,0,0,0,0,0,202,162,3,423,376,403,421,398,417,406,436,447,440,466,497,"5,497",
114065503,Muhlenberg SD,SD,Berks,0,0,0,0,0,0,2,0,269,286,289,306,296,314,325,308,328,383,402,378,382,"4,268",
126513000,Multicultural Academy CS,CS,Philadelphia,0,0,0,0,0,0,0,0,0,0,0,0,0,0,0,0,0,89,61,47,53,250,
117415303,Muncy SD,SD,Lycoming,0,0,0,0,0,0,0,0,59,61,65,55,57,77,83,72,88,85,89,84,67,942,
120484803,Nazareth Area SD,SD,Northampton,0,0,0,0,0,0,0,0,294,366,350,366,354,388,362,358,420,400,427,385,382,"4,852",
122097502,Neshaminy SD,SD,Bucks,0,0,0,0,0,0,0,0,700,722,715,739,721,692,746,710,758,786,741,726,712,"9,468",
104375203,Neshannock Township SD,SD,Lawrence,0,0,0,0,0,0,0,0,108,91,83,96,98,92,95,96,69,111,78,79,106,"1,202",
127045653,New Brighton Area SD,SD,Beaver,0,0,0,0,0,0,0,0,122,113,87,97,100,93,102,99,100,97,106,85,103,"1,304",
104375302,New Castle Area SD,SD,Lawrence,0,0,0,0,0,0,0,0,274,276,225,233,261,221,230,258,229,262,205,182,147,"3,003",
111440001,New Day CS,CS,Huntingdon,0,0,0,0,0,0,0,0,0,0,0,0,0,0,0,20,24,41,40,31,20,176,
126513420,New Foundations CS,CS,Philadelphia,0,0,0,0,0,0,0,0,66,75,81,84,85,84,88,85,80,252,174,169,173,"1,496",
122097604,New Hope-Solebury SD,SD,Bucks,0,0,0,0,0,0,0,0,85,73,74,104,83,90,84,118,121,113,112,110,118,"1,285",
107656303,New Kensington-Arnold SD,SD,Westmoreland,0,0,0,0,0,0,0,0,153,173,121,163,142,170,133,143,133,150,154,155,134,"1,924",
115504003,Newport SD,SD,Perry,0,0,0,0,0,0,0,0,77,78,68,91,53,89,80,67,86,75,71,77,76,988,
110143120,Nittany Valley CS,CS,Centre,0,0,0,0,0,0,0,0,8,7,9,8,7,9,1,0,0,0,0,0,0,49,
123465602,Norristown Area SD,SD,Montgomery,0,0,0,0,0,0,0,0,549,606,602,558,548,601,645,634,601,757,643,537,527,"7,808",
103026852,North Allegheny SD,SD,Allegheny,0,0,0,0,0,0,291,200,0,624,637,684,657,647,637,695,692,651,676,673,697,"8,461",
116479998,North Central Secure Trmnt Unt,SJCI,Montour,0,0,0,0,0,0,0,0,0,0,0,0,0,0,0,0,1,5,7,7,9,29,
106167504,North Clarion County SD,SD,Clarion,0,0,40,0,0,0,0,0,37,47,39,36,47,35,43,47,46,48,52,54,45,616,
105258303,North East SD,SD,Erie,0,0,0,0,0,0,0,0,107,102,106,91,110,110,100,125,133,136,148,138,108,"1,514",
103026902,North Hills SD,SD,Allegheny,0,0,0,0,0,0,0,0,349,355,359,330,372,351,364,344,362,361,377,326,319,"4,569",
123465507,North Montco Tech Career Center,OCCCTC,Montgomery,0,0,0,0,0,0,0,0,0,0,0,0,0,0,0,0,0,221,283,270,196,970,
123465702,North Penn SD,SD,Montgomery,0,0,0,0,0,0,0,0,942,"1,085",967,"1,010",938,907,920,918,"1,012","1,005","1,039","1,092","1,078","12,913",
119356503,North Pocono SD,SD,Lackawanna,0,0,0,0,0,0,0,0,222,210,227,190,221,226,223,243,203,247,235,212,215,"2,874",
129545003,North Schuylkill SD,SD,Schuylkill,0,0,0,0,0,0,0,0,149,163,157,140,139,159,182,175,152,184,157,169,172,"2,098",
108565503,North Star SD,SD,Somerset,13,13,0,0,0,0,0,0,78,61,70,72,71,53,69,85,71,81,104,81,79,"1,001",
120484903,Northampton Area SD,SD,Northampton,0,0,0,0,0,0,0,0,312,347,366,352,375,397,401,434,437,496,509,406,470,"5,302",
117083004,Northeast Bradford SD,SD,Bradford,0,0,0,0,0,0,0,0,50,63,40,44,52,50,45,40,50,58,69,59,51,671,
119000000,Northeastern Educational IU 19,IU,Lackawanna,0,0,0,0,0,0,0,0,3,3,6,3,2,4,6,3,8,6,9,10,24,87,
112674403,Northeastern York SD,SD,York,0,0,0,0,0,0,0,0,284,300,282,311,315,270,284,331,322,317,314,288,258,"3,876",
108056004,Northern Bedford County SD,SD,Bedford,0,0,15,17,17,0,0,0,57,76,67,63,66,72,64,55,65,59,68,66,60,887,
108114503,Northern Cambria SD,SD,Cambria,0,0,0,0,0,0,0,0,43,53,41,58,52,53,68,61,60,75,72,75,92,803,
113385003,Northern Lebanon SD,SD,Lebanon,0,0,0,0,0,0,67,58,5,162,138,141,156,180,178,188,152,199,184,132,190,"2,130",
121394503,Northern Lehigh SD,SD,Lehigh,0,0,0,0,0,0,0,0,142,111,114,120,135,109,121,114,117,141,126,101,122,"1,573",
109535504,Northern Potter SD,SD,Potter,0,0,0,0,0,34,0,0,31,39,44,32,38,37,44,33,47,33,31,35,36,514,
117080607,Northern Tier Career Center,OCCCTC,Bradford,0,0,0,0,0,0,0,0,0,0,0,0,0,0,0,0,0,0,18,232,203,453,
117596003,Northern Tioga SD,SD,Tioga,0,0,0,0,0,0,0,0,137,167,161,156,159,161,161,164,154,167,149,139,120,"1,995",
107656407,Northern Westmoreland CTC,OCCCTC,Westmoreland,0,0,0,0,0,0,0,0,0,0,0,0,0,0,0,0,0,91,160,147,85,483,
115674603,Northern York County SD,SD,York,0,0,0,0,0,0,0,0,247,255,231,272,278,262,236,275,243,267,272,252,267,"3,357",
103026873,Northgate SD,SD,Allegheny,0,0,19,0,0,0,0,0,105,87,92,66,71,69,78,73,75,85,91,63,77,"1,051",
116495207,Northumberland County CTC,OCCCTC,Northumberland,0,0,0,0,0,0,0,0,0,0,0,0,0,0,0,0,0,0,102,96,91,289,
118406003,Northwest Area SD,SD,Luzerne,0,0,20,0,0,0,0,0,70,66,55,72,63,63,72,80,76,63,70,74,64,908,
105000000,Northwest Tri-County IU 5,IU,Erie,0,0,0,0,0,0,29,1,9,9,12,9,8,6,11,19,26,24,28,34,47,272,
121394603,Northwestern Lehigh SD,SD,Lehigh,0,0,0,0,0,0,0,0,124,138,138,144,143,124,152,145,168,174,178,165,181,"1,974",
105258503,Northwestern SD,SD,Erie,0,0,0,0,0,0,0,0,83,110,89,75,92,85,89,97,93,105,117,101,87,"1,223",
126510019,Northwood Academy CS,CS,Philadelphia,0,0,0,0,0,0,0,0,83,88,87,85,86,85,83,84,79,0,0,0,0,760,
107656502,Norwin SD,SD,Westmoreland,0,0,0,0,0,0,78,78,160,343,377,376,354,397,411,394,428,433,424,425,366,"5,044",
124156503,Octorara Area SD,SD,Chester,0,0,0,0,0,0,0,0,146,130,141,154,127,158,147,141,167,191,194,197,183,"2,076",
106616203,Oil City Area SD,SD,Venango,0,0,0,0,0,0,0,0,130,140,132,117,128,145,137,154,147,154,151,173,131,"1,839",
119356603,Old Forge SD,SD,Lackawanna,0,0,0,0,0,0,0,0,76,73,80,64,76,62,66,85,73,77,74,69,80,955,
114066503,Oley Valley SD,SD,Berks,0,0,0,0,0,0,0,0,105,91,108,105,113,95,120,112,130,132,120,124,142,"1,497",
109537504,Oswayo Valley SD,SD,Potter,13,13,0,0,0,0,0,0,27,31,32,28,30,30,30,36,33,29,34,25,29,420,
109426003,Otto-Eldred SD,SD,McKean,0,0,0,9,8,0,0,0,39,34,32,32,26,37,42,40,41,44,48,56,51,539,
124156603,Owen J Roberts SD,SD,Chester,0,0,0,0,0,0,199,118,0,379,368,398,386,444,402,449,461,472,470,460,427,"5,433",
124156703,Oxford Area SD,SD,Chester,0,0,0,0,0,0,0,0,204,220,193,220,226,271,238,241,274,285,292,282,316,"3,262",
122098003,Palisades SD,SD,Bucks,0,0,0,0,0,0,0,0,95,88,110,97,95,93,91,107,111,124,113,108,121,"1,353",
121136503,Palmerton Area SD,SD,Carbon,0,0,0,0,0,0,0,0,120,140,112,114,148,117,140,129,141,150,125,118,103,"1,657",
113385303,Palmyra Area SD,SD,Lebanon,0,0,0,0,0,0,94,88,53,257,253,251,253,272,272,277,280,310,287,317,267,"3,531",
173515368,Pan American Academy CS,CS,Philadelphia,0,0,0,0,0,0,0,0,97,100,96,97,92,84,66,63,45,0,0,0,0,740,
121136603,Panther Valley SD,SD,Carbon,0,0,0,0,0,0,0,0,133,166,168,158,150,134,133,136,183,141,113,103,102,"1,820",
121395103,Parkland SD,SD,Lehigh,0,0,0,0,0,0,0,0,641,732,719,725,785,769,743,784,737,815,796,822,800,"9,868",
103027307,Parkway West CTC,OCCCTC,Allegheny,0,0,0,0,0,0,0,0,0,0,0,0,0,0,0,0,0,294,307,331,238,"1,170",
102023217,Passport Academy CS,CS,Allegheny,0,0,0,0,0,0,0,0,0,0,0,0,0,0,0,0,0,0,16,29,89,134,
120485603,Pen Argyl Area SD,SD,Northampton,0,0,0,0,0,0,0,0,107,110,106,101,95,80,123,116,106,132,124,131,124,"1,455",
108116003,Penn Cambria SD,SD,Cambria,0,0,17,0,0,0,0,0,76,99,82,103,107,119,111,138,109,147,157,135,131,"1,531",
103022481,Penn Hills CS of Entrepreneurship,CS,Allegheny,0,0,0,0,0,0,0,0,59,59,48,50,51,48,50,50,41,0,0,0,0,456,
103027352,Penn Hills SD,SD,Allegheny,0,0,0,0,0,0,0,0,178,241,203,224,226,207,210,221,209,301,261,296,249,"3,026",
113365203,Penn Manor SD,SD,Lancaster,0,0,0,0,0,0,219,185,0,381,402,390,456,432,410,437,437,461,456,462,422,"5,550",
105204703,Penncrest SD,SD,Crawford,0,0,0,0,0,0,0,0,183,175,179,164,203,198,198,199,193,225,218,229,217,"2,581",
125236903,Penn-Delco SD,SD,Delaware,0,0,0,0,0,0,182,0,4,229,234,255,266,255,237,266,257,247,296,257,273,"3,258",
122098103,Pennridge SD,SD,Bucks,0,0,0,0,0,0,151,136,92,450,485,449,466,449,463,550,530,565,571,562,621,"6,540",
128326303,Penns Manor Area SD,SD,Indiana,14,12,0,0,0,0,0,0,51,54,45,55,53,55,49,59,58,56,60,62,59,742,
110147003,Penns Valley Area SD,SD,Centre,0,0,0,0,0,23,0,0,83,90,94,102,92,104,102,100,110,112,123,115,102,"1,352",
122098202,Pennsbury SD,SD,Bucks,0,0,0,0,0,0,0,0,654,754,725,763,717,742,779,806,794,731,782,711,653,"9,611",
127043430,Pennsylvania Cyber CS,Cyber CS,Beaver,0,0,0,0,0,0,0,0,278,400,372,431,473,523,654,850,945,"1,564","1,170","1,197",999,"9,856",
115220003,Pennsylvania Distance Learning CS,Cyber CS,Allegheny,0,0,0,0,0,0,0,0,46,60,72,60,68,74,101,98,122,221,130,110,67,"1,229",
124150004,Pennsylvania Leadership CS,Cyber CS,Chester,0,0,0,0,0,0,0,0,104,118,146,146,129,188,248,293,332,434,401,403,342,"3,284",
115227398,Pennsylvania STEAM Academy CS,CS,Dauphin,0,0,0,0,0,0,0,0,73,40,40,40,0,0,0,0,0,0,0,0,0,193,
123460001,Pennsylvania Virtual CS,Cyber CS,Montgomery,0,0,0,0,0,0,0,0,169,181,210,185,175,208,238,282,293,332,254,231,204,"2,962",
107657103,Penn-Trafford SD,SD,Westmoreland,0,0,0,0,0,0,195,87,0,293,317,305,304,275,290,268,276,315,303,322,329,"3,879",
126510004,People for People CS,CS,Philadelphia,0,0,0,0,0,0,0,0,67,62,51,41,51,72,66,64,59,0,0,0,0,533,
113365303,Pequea Valley SD,SD,Lancaster,0,0,0,0,0,0,0,0,107,98,97,91,100,104,101,118,93,129,106,118,99,"1,361",
123466103,Perkiomen Valley SD,SD,Montgomery,0,0,0,0,0,0,159,144,1,338,329,362,347,364,387,404,443,450,411,440,452,"5,031",
105250001,Perseus House CS of Excellence,CS,Erie,0,0,0,0,0,0,0,0,0,0,0,0,0,0,47,39,61,128,130,108,97,610,
101636503,Peters Township SD,SD,Washington,0,0,0,0,0,0,145,142,0,277,318,275,334,299,303,325,287,307,329,298,292,"3,931",
126513280,Philadelphia Academy CS,CS,Philadelphia,0,0,0,0,0,0,0,0,64,64,66,61,87,85,86,92,83,124,118,115,120,"1,165",
126515001,Philadelphia City SD,SD,Philadelphia,0,0,"1,962",0,0,0,0,0,"8,139","8,971","8,526","8,753","8,861","8,801","8,303","8,401","8,502","10,737","10,536","8,661","9,248","118,401",
126510009,Philadelphia Electrical & Tech CHS,CS,Philadelphia,0,0,0,0,0,0,0,0,0,0,0,0,0,0,0,0,0,178,145,145,144,612,
126510929,Philadelphia Hebrew Public CS,CS,Philadelphia,0,0,0,0,0,0,0,0,71,76,105,109,57,0,0,0,0,0,0,0,0,418,
126510016,Philadelphia Montessori CS,CS,Philadelphia,0,0,0,0,0,0,0,0,48,52,56,44,36,0,0,0,0,0,0,0,0,236,
126513400,Philadelphia Performing Arts CS,CS,Philadelphia,0,0,0,0,0,0,0,0,235,233,240,224,233,216,260,228,213,166,165,140,182,"2,735",
110177003,Philipsburg-Osceola Area SD,SD,Clearfield,0,0,0,0,0,0,0,0,102,123,106,133,120,121,126,134,120,159,125,140,111,"1,620",
124157203,Phoenixville Area SD,SD,Chester,0,0,0,0,0,0,0,0,276,304,296,313,298,340,338,292,307,307,335,318,313,"4,037",
129546003,Pine Grove Area SD,SD,Schuylkill,0,0,0,0,0,0,0,0,110,116,118,96,111,109,113,115,136,145,143,103,120,"1,535",
103021003,Pine-Richland SD,SD,Allegheny,0,0,0,0,0,0,167,114,0,360,363,337,348,349,343,355,372,352,380,336,361,"4,537",
102027451,Pittsburgh SD,SD,Allegheny,0,0,"1,374",0,0,0,0,0,"1,583","1,510","1,296","1,379","1,381","1,373","1,456","1,380","1,446","1,646","1,524","1,304","1,387","20,039",
118406602,Pittston Area SD,SD,Luzerne,0,0,0,0,0,0,0,0,214,246,212,212,228,236,240,209,281,270,263,259,232,"3,102",
120455203,Pleasant Valley SD,SD,Monroe,0,0,0,0,0,0,0,0,302,328,282,307,325,310,308,324,337,344,337,359,340,"4,203",
103027503,Plum Borough SD,SD,Allegheny,0,0,0,0,0,0,120,119,0,251,262,235,265,264,278,259,299,329,319,302,280,"3,582",
120455403,Pocono Mountain SD,SD,Monroe,0,0,0,0,0,0,0,0,574,592,532,553,555,570,594,620,676,658,720,686,773,"8,103",
109426303,Port Allegany SD,SD,McKean,0,0,34,0,0,0,0,0,67,66,71,61,78,61,69,81,74,74,65,58,59,918,
108116303,Portage Area SD,SD,Cambria,0,0,0,0,0,0,0,0,85,61,62,52,65,55,68,49,62,60,59,73,56,807,
123466303,Pottsgrove SD,SD,Montgomery,0,0,0,0,0,0,0,0,203,209,209,221,205,236,216,238,250,248,269,251,257,"3,012",
123466403,Pottstown SD,SD,Montgomery,0,0,150,0,0,0,0,0,269,236,233,277,227,235,247,230,214,251,202,234,240,"3,245",
129546103,Pottsville Area SD,SD,Schuylkill,0,0,0,0,0,0,0,0,194,161,163,141,146,177,164,171,189,251,223,224,204,"2,408",
115222343,Premier Arts and Science CS,CS,Dauphin,0,0,0,0,0,0,0,0,35,39,38,44,0,0,0,0,0,0,0,0,0,156,
126512960,Preparatory CS of Mathematics Science Te,CS,Philadelphia,0,0,0,0,0,0,0,0,0,0,0,0,0,0,0,0,0,172,137,121,138,568,
160028259,Propel CS-Braddock Hills,CS,Allegheny,0,0,0,0,0,0,0,0,62,50,57,47,51,48,64,61,68,90,86,67,47,798,
103020005,Propel CS-East,CS,Allegheny,0,0,0,0,0,0,0,0,30,38,34,39,38,39,41,43,46,0,0,0,0,348,
103024952,Propel CS-Hazelwood,CS,Allegheny,0,0,0,0,0,0,0,0,28,37,25,28,17,28,36,33,39,0,0,0,0,271,
103020002,Propel CS-Homestead,CS,Allegheny,0,0,0,0,0,0,0,0,35,36,36,36,40,39,41,44,42,53,44,45,25,516,
103020003,Propel CS-McKeesport,CS,Allegheny,0,0,0,0,0,0,0,0,38,40,34,32,38,43,34,39,41,0,0,0,0,339,
103020004,Propel CS-Montour,CS,Allegheny,0,0,0,0,0,0,0,0,54,58,63,64,66,69,69,66,69,72,67,47,37,801,
103028192,Propel CS-Northside,CS,Allegheny,0,0,0,0,0,0,0,0,37,35,43,44,46,40,47,43,47,0,0,0,0,382,
103024162,Propel CS-Pitcairn,CS,Allegheny,0,0,0,0,0,0,0,0,23,30,18,22,23,18,26,30,21,0,0,0,0,211,
102027560,Provident CS,CS,Allegheny,0,0,0,0,0,0,0,0,0,0,43,55,65,53,41,36,33,0,0,0,0,326,
106338003,Punxsutawney Area SD,SD,Jefferson,0,0,0,0,0,0,0,0,147,140,161,138,177,162,161,171,170,137,122,127,112,"1,925",
128327303,Purchase Line SD,SD,Indiana,0,0,20,0,0,0,0,0,39,40,46,79,56,56,54,64,70,69,72,64,60,789,
103027753,Quaker Valley SD,SD,Allegheny,0,0,0,0,0,0,0,0,120,148,129,130,131,150,134,150,134,155,133,155,141,"1,810",
122098403,Quakertown Community SD,SD,Bucks,0,0,0,0,0,0,0,0,278,338,317,338,339,338,373,314,375,420,436,407,415,"4,688",
125237603,Radnor Township SD,SD,Delaware,0,0,12,0,0,0,0,0,257,250,253,303,282,250,276,282,271,270,283,314,262,"3,565",
115227871,Reach Cyber CS,Cyber CS,Dauphin,0,0,0,0,0,0,0,0,288,341,412,392,393,446,504,581,597,674,711,700,880,"6,919",
114067107,Reading Muhlenberg CTC,OCCCTC,Berks,0,0,0,0,0,0,0,0,0,0,0,0,0,0,0,0,0,4,403,369,366,"1,142",
114067002,Reading SD,SD,Berks,0,0,0,245,185,0,0,0,"1,274","1,406","1,275","1,296","1,224","1,278","1,263","1,304","1,326","1,662","1,628","1,101",935,"17,402",
112675503,Red Lion Area SD,SD,York,0,0,0,0,0,0,0,0,361,365,357,371,389,396,367,379,434,391,415,330,309,"4,864",
106168003,Redbank Valley SD,SD,Clarion,0,0,0,0,0,0,0,0,83,61,67,58,78,74,79,77,87,84,70,82,75,975,
124153350,Renaissance Academy CS,CS,Chester,0,0,0,0,0,0,0,0,93,96,100,79,82,84,83,83,82,76,79,87,77,"1,101",
104435303,Reynolds SD,SD,Mercer,0,0,0,0,0,0,0,0,70,89,64,59,78,86,71,90,74,67,73,61,70,952,
126510008,Richard Allen Preparatory CS,CS,Philadelphia,0,0,0,0,0,0,0,0,0,0,0,0,0,74,97,123,122,0,0,0,0,416,
108116503,Richland SD,SD,Cambria,0,0,0,0,0,0,0,0,116,141,103,123,112,115,106,114,112,134,115,126,115,"1,532",
109246003,Ridgway Area SD,SD,Elk,0,0,0,0,0,0,0,0,63,57,49,65,67,61,71,68,64,55,58,50,49,777,
125237702,Ridley SD,SD,Delaware,0,0,0,0,0,0,0,0,400,351,384,410,399,408,420,426,443,485,456,478,460,"5,520",
101637002,Ringgold SD,SD,Washington,0,0,0,0,0,0,0,0,174,172,197,193,212,213,179,198,218,253,231,211,187,"2,638",
128321103,River Valley SD,SD,Indiana,0,0,59,0,0,0,0,0,101,111,101,97,112,112,100,109,99,111,113,103,102,"1,430",
127045853,Riverside Beaver County SD,SD,Beaver,0,0,20,0,0,0,0,0,86,102,118,108,101,100,107,107,110,101,122,113,116,"1,411",
119357003,Riverside SD,SD,Lackawanna,0,0,0,0,0,0,0,0,139,126,110,111,103,124,104,137,102,128,127,131,109,"1,551",
106000000,Riverview IU 6,IU,Clarion,0,0,0,0,0,0,2,4,11,5,2,11,9,10,5,8,11,6,7,2,9,102,
103028203,Riverview SD,SD,Allegheny,0,0,0,0,0,0,0,0,100,80,71,82,71,79,68,56,89,60,80,53,60,949,
105252920,Robert Benjamin Wiley Community CS,CS,Erie,0,0,0,0,0,0,0,0,61,74,45,71,69,57,73,47,61,0,0,0,0,558,
121393330,Roberto Clemente CS,CS,Lehigh,0,0,0,0,0,0,0,0,50,50,50,50,49,50,49,50,49,48,44,46,43,628,
127046903,Rochester Area SD,SD,Beaver,0,0,0,0,0,0,0,0,52,69,39,61,56,59,52,54,55,55,65,60,49,726,
108566303,Rockwood Area SD,SD,Somerset,0,0,0,0,0,0,0,0,45,31,38,58,39,43,43,45,50,39,63,68,72,634,
125237903,Rose Tree Media SD,SD,Delaware,0,0,0,0,0,0,163,118,0,356,358,307,339,319,345,319,320,300,318,278,324,"4,164",
126510001,Russell Byers CS,CS,Philadelphia,0,0,0,0,0,46,0,0,64,72,76,77,71,74,81,70,70,0,0,0,0,701,
129546803,Saint Clair Area SD,SD,Schuylkill,0,0,0,0,0,0,0,0,65,45,55,55,58,63,72,61,58,0,0,0,0,532,
109248003,Saint Marys Area SD,SD,Elk,0,0,20,0,0,0,0,0,123,147,123,142,138,136,169,128,130,146,169,143,152,"1,866",
121395603,Salisbury Township SD,SD,Lehigh,0,0,0,0,0,0,0,0,80,93,104,107,103,112,112,118,137,139,133,132,120,"1,490",
108567004,Salisbury-Elk Lick SD,SD,Somerset,0,0,0,0,0,0,0,0,19,19,14,19,20,16,20,20,23,21,22,15,16,244,
114514135,Sankofa Freedom Academy CS,CS,Philadelphia,0,0,0,0,0,0,0,0,42,53,53,54,55,56,52,55,52,52,49,45,46,664,
120486003,Saucon Valley SD,SD,Northampton,0,0,0,0,0,0,0,0,118,148,129,139,142,141,169,157,175,169,153,158,171,"1,969",
117086003,Sayre Area SD,SD,Bradford,0,0,0,0,0,0,0,0,74,71,60,85,61,72,56,73,83,74,85,62,62,918,
122093140,School Lane CS,CS,Bucks,0,0,0,0,0,0,0,0,123,124,124,124,124,125,125,108,87,61,64,65,70,"1,324",
129547303,Schuylkill Haven Area SD,SD,Schuylkill,0,0,0,0,0,0,0,0,82,101,83,83,85,81,92,88,89,96,97,84,87,"1,148",
129000000,Schuylkill IU 29,IU,Schuylkill,0,0,0,0,0,0,9,0,9,3,8,9,5,13,14,12,14,18,11,14,15,154,
129546907,Schuylkill Technology Centers,OCCCTC,Schuylkill,0,0,0,0,0,0,0,0,0,0,0,0,0,0,0,0,0,21,95,167,91,374,
114067503,Schuylkill Valley SD,SD,Berks,0,0,0,0,0,0,0,0,123,156,145,146,177,166,175,167,169,184,158,173,155,"2,094",
119357402,Scranton SD,SD,Lackawanna,0,0,0,0,0,0,0,0,719,755,659,686,676,666,653,694,725,738,739,773,779,"9,262",
116557103,Selinsgrove Area SD,SD,Snyder,0,0,0,0,0,0,0,0,166,178,161,192,180,180,157,191,175,197,207,224,176,"2,384",
109420107,Seneca Highlands Career and Technical Ce,OCCCTC,McKean,0,0,0,0,0,0,0,0,0,0,0,0,0,0,0,0,0,0,115,108,112,335,
109000000,Seneca Highlands IU 9,IU,McKean,0,0,0,0,0,0,0,0,34,37,42,30,31,39,30,28,24,21,35,31,32,414,
104107903,Seneca Valley SD,SD,Butler,0,0,0,0,0,0,349,175,0,601,572,571,579,573,541,541,587,601,561,566,593,"7,410",
188392660,Seven Generations CS,CS,Lehigh,0,0,0,0,0,0,0,0,69,72,57,67,64,41,28,0,0,0,0,0,0,398,
108567204,Shade-Central City SD,SD,Somerset,0,0,0,0,0,0,0,0,26,24,21,23,25,26,21,16,26,26,23,36,37,330,
103028302,Shaler Area SD,SD,Allegheny,0,0,0,0,0,0,0,0,299,281,280,295,296,293,299,281,281,332,306,288,312,"3,843",
116496503,Shamokin Area SD,SD,Northumberland,0,0,0,0,0,0,0,0,166,185,155,172,154,160,173,177,169,166,193,170,173,"2,213",
108567404,Shanksville-Stonycreek SD,SD,Somerset,9,11,0,0,0,0,0,0,16,18,19,22,19,20,25,16,25,20,21,19,20,280,
104435603,Sharon City SD,SD,Mercer,0,0,0,0,0,0,0,0,154,170,153,155,142,132,140,158,150,153,145,120,105,"1,877",
104435703,Sharpsville Area SD,SD,Mercer,0,0,0,0,0,0,0,0,83,71,62,73,63,72,72,85,79,99,81,94,83,"1,017",
129547203,Shenandoah Valley SD,SD,Schuylkill,0,0,61,0,0,0,0,0,94,87,66,84,93,86,98,106,89,92,94,79,80,"1,209",
104376203,Shenango Area SD,SD,Lawrence,0,0,0,0,0,0,0,0,63,79,77,57,85,86,81,91,71,92,76,58,82,998,
116496603,Shikellamy SD,SD,Northumberland,0,0,0,0,0,0,0,0,213,206,216,222,188,217,220,230,239,268,243,218,167,"2,847",
115218003,Shippensburg Area SD,SD,Cumberland,0,0,0,0,0,0,0,0,273,287,250,261,261,273,277,256,253,301,279,285,273,"3,529",
104107503,Slippery Rock Area SD,SD,Butler,0,0,0,0,0,0,0,0,147,137,144,132,120,120,148,146,172,155,163,160,154,"1,898",
109427503,Smethport Area SD,SD,McKean,0,0,40,0,0,0,0,0,48,52,47,56,47,51,55,69,63,59,64,56,51,758,
113367003,Solanco SD,SD,Lancaster,0,0,0,0,0,0,72,54,84,225,233,207,208,231,253,221,237,277,275,253,276,"3,106",
108567703,Somerset Area SD,SD,Somerset,0,0,60,0,0,0,0,0,172,147,143,154,139,134,139,156,148,168,171,128,179,"2,038",
108567807,Somerset County Technology Center,OCCCTC,Somerset,0,0,0,0,0,0,0,0,0,0,0,0,0,0,0,0,0,5,184,176,167,532,
123467103,Souderton Area SD,SD,Montgomery,0,0,0,0,0,0,0,0,392,424,373,414,445,469,452,480,527,552,576,492,574,"6,170",
123463370,Souderton CS Collaborative,CS,Montgomery,0,0,0,0,0,0,0,0,21,31,29,29,31,26,27,25,20,0,0,0,0,239,
103028653,South Allegheny SD,SD,Allegheny,0,0,0,0,0,0,0,0,96,98,85,120,88,98,108,109,104,125,126,121,115,"1,393",
112676203,South Eastern SD,SD,York,0,0,0,0,0,0,0,0,183,208,174,197,179,184,207,206,203,187,183,171,179,"2,461",
103028703,South Fayette Township SD,SD,Allegheny,0,0,0,0,0,0,112,126,12,247,239,265,280,296,252,280,273,267,295,281,239,"3,464",
115218303,South Middleton SD,SD,Cumberland,0,0,0,0,0,0,0,0,144,162,127,154,177,156,177,157,152,225,167,194,193,"2,185",
112289998,South Mountain Secure Trmnt Unit,SJCI,Franklin,0,0,0,0,0,0,0,0,0,0,0,0,0,0,0,0,1,2,4,2,2,11,
103028753,South Park SD,SD,Allegheny,0,0,0,0,0,0,0,0,117,159,127,136,141,146,143,127,128,149,135,136,141,"1,785",
127047404,South Side Area SD,SD,Beaver,18,0,0,0,0,0,0,0,59,83,75,62,75,58,67,71,65,72,82,65,85,937,
112676403,South Western SD,SD,York,0,0,0,0,0,0,0,0,323,341,315,341,344,345,322,351,383,350,351,325,351,"4,442",
117416103,South Williamsport Area SD,SD,Lycoming,0,0,0,0,0,0,0,0,88,91,77,95,93,109,74,105,98,88,92,87,84,"1,181",
125238402,Southeast Delco SD,SD,Delaware,0,0,0,0,0,0,0,0,305,275,305,301,313,290,343,313,325,324,348,321,364,"4,127",
101306503,Southeastern Greene SD,SD,Greene,0,0,0,0,0,0,0,0,55,54,37,49,44,42,45,33,36,49,46,49,41,580,
116197503,Southern Columbia Area SD,SD,Columbia,0,0,0,0,0,0,0,0,83,95,104,79,95,91,106,90,114,93,92,98,95,"1,235",
111297504,Southern Fulton SD,SD,Fulton,0,0,0,0,0,0,0,0,56,46,56,48,54,57,57,57,66,61,50,49,44,701,
111317503,Southern Huntingdon County SD,SD,Huntingdon,0,0,0,0,0,0,0,0,57,76,75,79,78,81,84,90,81,101,86,87,85,"1,060",
121395703,Southern Lehigh SD,SD,Lehigh,0,0,0,0,0,0,87,84,0,249,213,230,222,225,246,234,232,285,242,259,276,"3,084",
117597003,Southern Tioga SD,SD,Tioga,0,0,0,0,0,0,0,0,140,134,127,129,132,135,144,123,115,142,136,107,138,"1,702",
112676503,Southern York County SD,SD,York,0,0,0,0,0,0,0,0,207,196,188,194,225,219,256,206,236,237,232,249,214,"2,859",
107657503,Southmoreland SD,SD,Westmoreland,0,0,0,0,0,0,0,0,140,141,128,141,135,145,143,139,134,184,151,124,135,"1,840",
108515107,Southwest Leadership Academy CS,CS,Philadelphia,0,0,0,0,0,0,0,0,44,80,76,71,87,89,63,73,40,0,0,0,0,623,
103023410,Spectrum CS,CS,Allegheny,0,0,0,0,0,0,0,0,0,0,0,0,0,0,0,3,3,5,10,5,19,45,
108077503,Spring Cove SD,SD,Blair,0,0,0,0,0,0,0,0,117,121,114,141,114,112,123,127,131,134,138,145,141,"1,658",
112676703,Spring Grove Area SD,SD,York,0,0,0,0,0,0,0,0,291,312,280,314,283,331,320,299,334,306,334,279,263,"3,946",
125238502,Springfield SD,SD,Delaware,0,0,0,0,0,0,147,137,0,333,332,305,346,338,363,375,335,333,352,339,355,"4,390",
123467203,Springfield Township SD,SD,Montgomery,0,0,0,0,0,0,0,0,184,177,205,179,219,195,215,196,214,197,201,191,181,"2,554",
123467303,Spring-Ford Area SD,SD,Montgomery,0,0,0,0,0,0,225,193,20,553,545,618,609,626,659,617,647,676,647,672,651,"7,958",
110148002,State College Area SD,SD,Centre,0,0,0,0,0,0,4,0,429,467,465,482,521,493,484,524,503,565,611,589,644,"6,781",
103028807,Steel Center for Career and Technical Ed,OCCCTC,Allegheny,0,0,0,0,0,0,0,0,0,0,0,0,0,0,0,0,0,0,300,325,228,853,
103028833,Steel Valley SD,SD,Allegheny,0,0,0,0,0,0,0,0,121,141,96,110,105,99,110,114,88,106,105,101,105,"1,401",
115228003,Steelton-Highspire SD,SD,Dauphin,0,0,0,0,0,0,0,0,102,122,106,107,108,94,108,98,126,139,117,74,77,"1,378",
111315438,Stone Valley Community CS,CS,Huntingdon,0,0,0,0,0,0,0,0,13,14,13,14,14,14,0,0,0,0,0,0,0,82,
103028853,Sto-Rox SD,SD,Allegheny,0,0,0,0,0,1,0,0,81,97,62,89,74,70,78,87,92,110,72,74,89,"1,076",
120456003,Stroudsburg Area SD,SD,Monroe,0,0,0,0,0,0,0,0,268,300,275,333,299,337,357,368,372,383,427,398,423,"4,540",
101833400,Sugar Valley Rural CS,CS,Clinton,0,0,0,0,0,0,0,0,36,35,37,37,37,37,34,38,38,35,37,37,35,473,
117576303,Sullivan County SD,SD,Sullivan,0,0,0,0,0,0,0,0,42,53,37,47,43,58,49,56,53,44,46,45,43,616,
116606707,SUN Area Technical Institute,OCCCTC,Union,0,0,0,0,0,0,0,0,0,0,0,0,0,0,0,0,0,0,1,14,272,287,
119586503,Susquehanna Community SD,SD,Susquehanna,0,0,0,28,13,0,0,0,47,65,52,67,51,63,58,66,65,53,55,51,50,784,
119584707,Susquehanna County CTC,OCCCTC,Susquehanna,0,0,0,0,0,0,0,0,0,0,0,0,0,0,0,0,0,26,134,116,141,417,
115228303,Susquehanna Township SD,SD,Dauphin,0,0,0,0,0,0,0,0,242,269,244,275,276,269,256,238,244,168,222,182,183,"3,068",
115506003,Susquenita SD,SD,Perry,0,0,0,0,0,0,0,0,144,147,127,151,126,137,168,149,115,142,127,118,122,"1,773",
115223050,Sylvan Heights Science CS,CS,Dauphin,0,0,0,0,0,0,0,0,44,43,43,43,43,0,0,0,0,0,0,0,0,216,
192518422,Tacony Academy CS,CS,Philadelphia,0,0,0,0,0,0,0,0,77,81,80,81,80,81,81,80,81,97,90,88,87,"1,084",
129547603,Tamaqua Area SD,SD,Schuylkill,0,0,0,0,0,0,75,52,42,155,167,158,160,166,163,125,145,179,169,182,161,"2,099",
126511530,TECH Freire CS,CS,Philadelphia,0,0,0,0,0,0,0,0,0,0,0,0,0,0,0,0,0,113,129,119,100,461,
102020003,The New Academy CS,CS,Allegheny,0,0,0,0,0,0,0,0,0,0,0,0,0,0,0,0,6,15,15,7,13,56,
126515691,The Philadelphia CS for Arts and Science,CS,Philadelphia,0,0,0,0,0,0,0,0,96,117,101,108,116,106,118,110,115,0,0,0,0,987,
105620001,Tidioute Community CS,CS,Warren,0,0,0,0,0,0,0,0,17,25,19,22,23,30,19,16,24,23,27,24,23,292,
106617203,Titusville Area SD,SD,Venango,0,0,0,51,51,0,0,0,135,118,122,119,135,134,140,153,160,166,151,133,127,"1,895",
117086503,Towanda Area SD,SD,Bradford,0,0,0,0,0,52,0,0,96,110,92,108,111,112,112,127,128,140,117,94,114,"1,513",
124157802,Tredyffrin-Easttown SD,SD,Chester,0,0,0,0,0,0,192,163,0,484,468,514,520,562,548,534,550,556,588,665,549,"6,893",
101638003,Trinity Area SD,SD,Washington,0,0,0,0,0,0,0,0,218,243,222,259,263,239,234,269,237,276,278,270,271,"3,279",
129547803,Tri-Valley SD,SD,Schuylkill,0,0,0,0,0,0,0,0,55,66,55,57,67,64,75,92,70,65,75,75,64,880,
117086653,Troy Area SD,SD,Bradford,0,0,0,0,0,0,0,0,109,106,85,113,114,123,113,116,113,113,128,90,85,"1,408",
114068003,Tulpehocken Area SD,SD,Berks,0,0,0,0,0,0,0,0,65,92,77,87,92,99,122,98,116,119,127,109,102,"1,305",
118667503,Tunkhannock Area SD,SD,Wyoming,0,0,0,0,0,0,0,0,165,147,146,163,157,137,153,159,152,166,208,159,207,"2,119",
108568404,Turkeyfoot Valley Area SD,SD,Somerset,0,0,0,0,0,18,0,0,29,15,19,19,15,12,24,26,26,23,23,10,19,278,
111000000,Tuscarora IU 11,IU,Mifflin,0,0,0,27,6,94,0,0,0,0,0,0,0,0,0,0,0,0,0,0,0,127,
112286003,Tuscarora SD,SD,Franklin,0,0,0,0,0,0,0,0,146,163,172,156,159,182,194,189,167,185,189,163,203,"2,268",
108058003,Tussey Mountain SD,SD,Bedford,20,17,0,0,0,0,0,0,47,69,80,67,81,67,50,69,87,71,85,67,72,949,
114068103,Twin Valley SD,SD,Berks,0,0,0,0,0,0,0,0,193,233,217,226,199,224,220,227,256,241,284,247,263,"3,030",
108078003,Tyrone Area SD,SD,Blair,48,33,38,0,0,0,0,0,115,97,127,107,114,127,128,139,136,136,128,133,153,"1,759",
104377003,Union Area SD,SD,Lawrence,0,0,0,16,12,0,0,0,47,48,53,58,47,57,62,48,66,62,40,50,47,713,
105259103,Union City Area SD,SD,Erie,0,0,0,25,23,0,0,0,62,74,64,63,69,70,72,70,64,82,89,71,74,972,
106169003,Union SD,SD,Clarion,0,0,0,0,0,0,0,0,42,44,39,37,50,41,58,37,52,37,45,47,40,569,
101268003,Uniontown Area SD,SD,Fayette,0,0,0,0,0,0,0,0,224,222,186,197,185,191,218,184,221,225,177,156,130,"2,516",
124158503,Unionville-Chadds Ford SD,SD,Chester,0,0,0,0,0,0,110,81,0,289,282,296,271,265,279,315,321,340,336,308,332,"3,825",
128328003,United SD,SD,Indiana,0,0,30,0,0,0,0,0,57,69,42,68,68,64,67,63,67,78,76,77,71,897,
126512674,Universal Alcorn CS,CS,Philadelphia,0,0,0,0,0,0,0,0,41,67,41,48,53,51,53,51,57,0,0,0,0,462,
126519434,Universal Audenried CS,CS,Philadelphia,0,0,0,0,0,0,0,0,0,0,0,0,0,0,0,0,0,147,138,128,133,546,
126517442,Universal Creighton CS,CS,Philadelphia,0,0,0,0,0,0,0,0,79,73,76,69,93,71,71,87,94,0,0,0,0,713,
126513210,Universal Institute CS,CS,Philadelphia,0,0,0,0,0,0,0,0,74,72,71,71,72,66,60,67,75,0,0,0,0,628,
126513415,Universal Vare CS,CS,Philadelphia,0,0,0,0,0,0,0,0,0,0,0,0,0,15,50,35,50,0,0,0,0,150,
112018523,Upper Adams SD,SD,Adams,0,0,0,0,0,0,0,0,100,102,120,116,109,126,121,138,137,132,153,121,129,"1,604",
122099007,Upper Bucks County Technical School,OCCCTC,Bucks,0,0,0,0,0,0,0,0,0,0,0,0,0,0,0,0,0,201,231,250,185,867,
125239452,Upper Darby SD,SD,Delaware,0,0,0,0,0,0,386,379,0,911,933,923,917,966,940,924,"1,003","1,214",964,985,"1,057","12,502",
115229003,Upper Dauphin Area SD,SD,Dauphin,0,0,0,0,0,0,0,0,100,82,71,72,75,81,78,79,78,99,83,82,84,"1,064",
123468303,Upper Dublin SD,SD,Montgomery,0,0,0,0,0,0,0,0,303,342,267,319,310,310,325,321,294,330,330,326,337,"4,114",
123468402,Upper Merion Area SD,SD,Montgomery,0,0,0,0,0,0,0,0,301,391,337,390,333,335,327,290,338,358,326,362,347,"4,435",
123468503,Upper Moreland Township SD,SD,Montgomery,0,0,0,0,0,0,0,0,273,270,249,259,275,251,270,269,275,247,269,223,239,"3,369",
123468603,Upper Perkiomen SD,SD,Montgomery,0,0,0,0,0,0,0,0,229,240,231,236,213,236,236,228,282,279,253,267,268,"3,198",
103029203,Upper St. Clair SD,SD,Allegheny,0,0,0,0,0,0,128,129,0,297,261,302,285,309,323,290,316,298,343,316,338,"3,935",
103023090,Urban Academy of Greater Pittsburgh CS,CS,Allegheny,0,0,0,0,0,0,0,0,55,48,56,58,62,50,0,0,0,0,0,0,0,329,
102023080,Urban Pathways 6-12 CS,CS,Allegheny,0,0,0,0,0,0,0,0,0,0,0,0,0,0,55,54,49,54,42,34,23,311,
103028246,Urban Pathways K-5 College CS,CS,Allegheny,0,0,0,0,0,0,0,0,56,50,50,51,51,55,0,0,0,0,0,0,0,313,
106618603,Valley Grove SD,SD,Venango,0,0,27,0,0,0,0,0,53,58,58,68,61,63,62,55,66,63,61,71,54,820,
119358403,Valley View SD,SD,Lackawanna,0,0,0,0,0,0,0,0,173,197,155,189,191,160,179,198,186,169,217,186,192,"2,392",
106619107,Venango Technology Center,OCCCTC,Venango,0,0,0,0,0,0,0,0,0,0,0,0,0,0,0,0,0,0,208,197,169,574,
141019741,Vida CS,CS,Adams,0,0,0,0,0,0,0,0,50,34,45,37,23,21,28,0,0,0,0,0,0,238,
125233517,Vision Academy CS,CS,Delaware,0,0,0,0,0,0,0,0,72,70,72,48,48,48,48,47,46,0,0,0,0,499,
119648303,Wallenpaupack Area SD,SD,Pike,0,0,0,0,0,0,0,0,176,186,182,206,208,197,193,224,231,241,245,257,250,"2,796",
125239603,Wallingford-Swarthmore SD,SD,Delaware,0,0,0,0,0,0,109,106,0,274,272,317,270,284,300,307,310,268,308,304,291,"3,720",
105628007,Warren County AVTS,OCCCTC,Warren,0,0,0,0,0,0,0,0,0,0,0,0,0,0,0,0,0,0,111,103,96,310,
105628302,Warren County SD,SD,Warren,0,0,0,0,0,0,0,0,263,295,267,276,301,284,344,272,326,331,316,312,324,"3,911",
116498003,Warrior Run SD,SD,Northumberland,0,0,0,0,0,0,0,0,117,102,129,100,116,103,103,94,120,117,111,115,134,"1,461",
113369003,Warwick SD,SD,Lancaster,12,12,0,0,0,0,4,0,251,251,286,288,293,273,287,302,280,316,342,298,284,"3,779",
101638803,Washington SD,SD,Washington,0,0,0,0,0,0,0,0,123,121,121,127,127,118,98,108,115,129,97,81,107,"1,472",
105259703,Wattsburg Area SD,SD,Erie,0,0,0,0,0,0,0,0,86,97,88,88,97,103,102,96,109,111,109,98,96,"1,280",
119648703,Wayne Highlands SD,SD,Wayne,0,0,0,0,0,0,0,0,183,177,184,175,180,178,191,162,185,204,194,165,182,"2,360",
112289003,Waynesboro Area SD,SD,Franklin,0,0,0,0,0,0,0,0,309,301,320,341,310,293,311,337,342,383,376,347,333,"4,303",
121139004,Weatherly Area SD,SD,Carbon,0,0,30,0,0,0,0,0,38,41,48,41,66,50,55,33,41,40,45,48,47,623,
117598503,Wellsboro Area SD,SD,Tioga,0,0,0,0,0,0,0,0,87,96,100,108,110,98,126,143,113,122,113,96,108,"1,420",
103029403,West Allegheny SD,SD,Allegheny,0,0,0,0,0,0,0,0,260,284,239,260,262,266,253,270,245,264,234,263,236,"3,336",
110179003,West Branch Area SD,SD,Clearfield,0,0,0,0,0,0,0,0,67,77,54,71,72,60,65,70,62,85,71,102,57,913,
124159002,West Chester Area SD,SD,Chester,0,0,0,0,0,0,0,0,854,884,930,938,936,921,927,862,982,988,977,962,990,"12,151",
101308503,West Greene SD,SD,Greene,0,0,0,0,0,0,0,0,54,54,44,56,43,57,55,51,48,56,63,50,43,674,
103029553,West Jefferson Hills SD,SD,Allegheny,0,0,0,0,0,0,0,0,240,259,287,260,251,252,269,292,241,262,225,245,228,"3,311",
104437503,West Middlesex Area SD,SD,Mercer,0,0,0,0,0,0,0,0,50,46,54,51,49,46,63,53,59,54,53,69,60,707,
103029603,West Mifflin Area SD,SD,Allegheny,0,0,0,0,0,0,0,0,136,176,142,161,140,165,159,163,179,300,270,176,208,"2,375",
126513020,West Oak Lane CS,CS,Philadelphia,0,0,0,0,0,0,0,0,116,113,116,118,122,105,85,89,92,0,0,0,0,956,
115508003,West Perry SD,SD,Perry,0,0,52,0,0,0,0,0,151,162,160,150,173,136,179,167,158,199,173,159,163,"2,182",
126510006,West Phila. Achievement CES,CS,Philadelphia,0,0,0,0,0,0,0,0,99,117,106,125,97,93,0,0,0,0,0,0,0,637,
115219002,West Shore SD,SD,York,0,0,0,0,0,0,308,196,0,566,530,582,550,634,580,536,577,673,583,603,595,"7,513",
118408707,West Side CTC,COMCTC,Luzerne,0,0,0,0,0,0,0,0,0,0,0,0,0,0,0,0,0,125,135,92,152,504,
112678503,West York Area SD,SD,York,0,0,0,0,0,0,0,0,226,192,208,219,206,236,222,217,249,214,228,210,228,"2,855",
101638907,Western Area CTC,OCCCTC,Washington,0,0,0,0,0,0,0,0,0,0,0,0,0,0,0,0,0,0,186,162,130,478,
127049303,Western Beaver County SD,SD,Beaver,0,0,11,0,0,64,0,0,49,55,52,45,58,49,50,40,59,49,42,53,50,726,
123469007,Western Montgomery CTC,OCCCTC,Montgomery,0,0,0,0,0,0,0,0,0,0,0,0,0,0,0,0,0,172,148,200,164,684,
119648903,Western Wayne SD,SD,Wayne,43,32,0,0,0,0,0,0,122,126,131,133,114,114,135,136,141,143,147,133,129,"1,779",
103028425,Westinghouse Arts Academy CS,CS,Allegheny,0,0,0,0,0,0,0,0,0,0,0,0,0,0,0,0,0,89,81,82,64,316,
108118503,Westmont Hilltop SD,SD,Cambria,0,0,0,0,0,0,0,0,111,108,101,92,108,107,112,123,119,124,120,126,125,"1,476",
107000000,Westmoreland IU 7,IU,Westmoreland,0,0,0,0,0,0,61,0,5,9,5,7,4,8,4,11,10,8,12,10,28,182,
121397803,Whitehall-Coplay SD,SD,Lehigh,0,0,0,0,0,0,0,0,284,255,275,291,273,292,320,324,338,361,376,353,374,"4,116",
118408607,Wilkes-Barre Area CTC,OCCCTC,Luzerne,0,0,0,0,0,0,0,0,0,0,0,0,0,0,0,0,0,192,327,203,208,930,
118408852,Wilkes-Barre Area SD,SD,Luzerne,0,0,99,0,0,0,0,0,630,638,511,586,598,590,568,595,607,685,617,546,550,"7,820",
103029803,Wilkinsburg Borough SD,SD,Allegheny,0,0,76,0,0,0,0,0,68,86,49,63,64,63,66,0,0,0,0,0,0,535,
125239652,William Penn SD,SD,Delaware,0,0,0,0,0,0,0,0,301,335,332,349,352,390,364,329,354,392,389,353,385,"4,625",
129548803,Williams Valley SD,SD,Schuylkill,0,0,0,0,0,0,0,0,85,90,79,74,51,69,75,62,69,93,80,61,76,964,
108079004,Williamsburg Community SD,SD,Blair,0,0,0,0,0,0,0,0,32,35,43,21,38,31,36,32,39,39,32,39,47,464,
117417202,Williamsport Area SD,SD,Lycoming,0,0,0,0,0,0,0,0,351,375,342,380,369,358,340,353,361,364,371,389,385,"4,738",
104378003,Wilmington Area SD,SD,Lawrence,0,0,0,0,0,0,0,0,56,88,66,75,65,77,81,81,84,75,70,71,94,983,
120488603,Wilson Area SD,SD,Northampton,0,0,0,0,0,0,0,0,151,142,151,157,141,183,151,181,161,203,192,175,172,"2,160",
114069103,Wilson SD,SD,Berks,0,0,0,0,0,0,0,0,395,472,430,517,500,481,484,500,530,538,520,495,527,"6,389",
108569103,Windber Area SD,SD,Somerset,0,0,80,0,0,0,0,0,90,101,82,76,85,107,98,89,71,89,81,84,83,"1,216",
126510007,Wissahickon CS,CS,Philadelphia,0,0,0,0,0,0,0,0,101,106,106,107,106,108,103,109,105,0,0,0,0,951,
123469303,Wissahickon SD,SD,Montgomery,0,0,0,0,0,0,0,0,410,421,402,458,416,368,390,367,376,385,381,356,362,"5,092",
103029902,Woodland Hills SD,SD,Allegheny,0,0,72,0,0,0,0,0,257,256,227,254,224,232,170,251,227,300,283,184,189,"3,126",
117089003,Wyalusing Area SD,SD,Bradford,0,0,0,0,0,0,0,0,86,97,81,89,91,103,98,93,107,99,99,110,81,"1,234",
118409203,Wyoming Area SD,SD,Luzerne,0,0,0,0,0,0,0,0,154,164,147,133,142,171,171,164,160,151,182,152,171,"2,062",
118409302,Wyoming Valley West SD,SD,Luzerne,0,0,0,0,0,0,0,0,396,414,375,430,384,395,353,429,425,354,391,319,365,"5,030",
114069353,Wyomissing Area SD,SD,Berks,0,0,0,0,0,0,0,0,137,121,112,138,129,156,141,165,164,146,165,131,144,"1,849",
189670676,York Academy Regional CS,CS,York,0,0,0,0,0,0,0,0,99,97,99,97,98,77,78,75,72,63,50,38,20,963,
112679002,York City SD,SD,York,0,0,188,0,0,0,0,0,438,472,463,524,478,485,493,456,541,546,370,304,334,"6,092",
112679107,York Co School of Technology,COMCTC,York,0,0,0,0,0,0,0,0,0,0,0,0,0,0,0,0,0,448,409,417,384,"1,658",
112679403,York Suburban SD,SD,York,0,0,0,0,0,0,0,0,218,243,183,217,241,252,247,246,231,257,237,227,231,"3,030",
107658903,Yough SD,SD,Westmoreland,0,0,0,0,0,0,0,0,129,138,122,131,133,132,142,147,156,131,148,132,155,"1,796",
126513250,Young Scholars CS,CS,Philadelphia,0,0,0,0,0,0,0,0,0,0,0,0,0,0,96,87,84,0,0,0,0,267,
110140001,Young Scholars of Central PA CS,CS,Centre,0,0,0,0,0,0,0,0,52,58,51,54,36,37,31,35,19,0,0,0,0,373,
103020368,Young Scholars of Greater Allegheny CS,CS,Allegheny,0,0,0,0,0,0,0,0,40,43,44,41,40,37,27,18,15,0,0,0,0,305,
103025206,Young Scholars of Western Pennsylvania C,CS,Allegheny,0,0,0,0,0,0,0,0,41,41,36,33,33,33,27,33,22,0,0,0,0,299,
126512870,Youth Build Phila CS,CS,Philadelphia,0,0,0,0,0,0,0,0,0,0,0,0,0,0,0,0,0,0,0,0,219,219,
118409998,Youth Forestry Camp #2,SJCI,Carbon,0,0,0,0,0,0,0,0,0,0,0,0,0,0,0,1,0,4,6,3,4,18,
111319998,Youth Forestry Camp #3,SJCI,Huntingdon,0,0,0,0,0,0,0,0,0,0,0,0,0,0,0,0,0,10,7,9,4,30,
,,,,,,,,,,,,,,,,,,,,,,,,,,
,,,,,,,,,,,,,,,,,,,,,,,,,,